Vente_ID,Date_ID,Date,Client_ID,Produit_ID,Commercial_ID,Ville_ID,Quantite,Prix_Unitaire,Montant_Vente,Cout_Total,Benefice,Montant_Paye,Creance,Mode_Paiement
V01488,20250101,2025-01-01,CL016,PR004,COM005,VIL006,2,7560.0,11204.0,8210.0,2994.0,11204.0,0.0,Mobile Money
V01409,20250101,2025-01-01,CL003,PR004,COM007,VIL001,15,7310.0,140626.0,106383.0,34243.0,133595.0,7031.0,Espèces
V01482,20250101,2025-01-01,CL002,PR005,COM007,VIL001,8,1730.0,17750.0,13133.0,4617.0,17750.0,0.0,Espèces
V00845,20250102,2025-01-02,CL012,PR014,COM003,VIL004,25,1540.0,32918.0,21161.0,11757.0,32918.0,0.0,Espèces
V00901,20250102,2025-01-02,CL001,PR008,COM007,VIL001,2,860.0,2206.0,1590.0,616.0,2206.0,0.0,Mobile Money
V01237,20250102,2025-01-02,CL012,PR015,COM003,VIL004,4,970.0,3317.0,2257.0,1060.0,2654.0,663.0,Crédit
V00381,20250102,2025-01-02,CL008,PR013,COM004,VIL003,3,2510.0,6796.0,4549.0,2247.0,6796.0,0.0,Espèces
V00846,20250102,2025-01-02,CL006,PR008,COM004,VIL002,5,890.0,4650.0,3240.0,1410.0,4650.0,0.0,Espèces
V01294,20250102,2025-01-02,CL011,PR002,COM008,VIL004,6,15490.0,79464.0,62945.0,16519.0,79464.0,0.0,Espèces
V00773,20250102,2025-01-02,CL006,PR008,COM002,VIL002,8,880.0,7357.0,5183.0,2174.0,5886.0,1471.0,Crédit
V01279,20250103,2025-01-03,CL008,PR012,COM006,VIL003,3,2860.0,7743.0,5280.0,2463.0,6194.0,1549.0,Crédit
V00707,20250103,2025-01-03,CL003,PR003,COM006,VIL001,4,17840.0,91519.0,68434.0,23085.0,91519.0,0.0,Espèces
V00465,20250103,2025-01-03,CL017,PR006,COM008,VIL007,10,750.0,5344.0,3491.0,1853.0,5344.0,0.0,Mobile Money
V00575,20250103,2025-01-03,CL014,PR015,COM002,VIL005,4,1030.0,3131.0,1885.0,1246.0,3131.0,0.0,Virement
V00104,20250103,2025-01-03,CL007,PR007,COM007,VIL002,10,1820.0,19019.0,12122.0,6897.0,19019.0,0.0,Espèces
V01190,20250103,2025-01-03,CL020,PR014,COM002,VIL008,5,1470.0,3840.0,2560.0,1280.0,2496.0,1344.0,Crédit
V01070,20250104,2025-01-04,CL019,PR002,COM002,VIL008,2,15640.0,16344.0,12153.0,4191.0,16344.0,0.0,Mobile Money
V00303,20250104,2025-01-04,CL010,PR010,COM002,VIL004,3,3120.0,8003.0,6182.0,1821.0,8003.0,0.0,Virement
V01175,20250104,2025-01-04,CL019,PR007,COM004,VIL008,12,1840.0,11537.0,7461.0,4076.0,11537.0,0.0,Espèces
V00801,20250105,2025-01-05,CL006,PR014,COM001,VIL002,1,1500.0,1568.0,982.0,586.0,1568.0,0.0,Espèces
V00790,20250105,2025-01-05,CL009,PR005,COM003,VIL003,8,1690.0,12202.0,8808.0,3394.0,12202.0,0.0,Mobile Money
V00889,20250106,2025-01-06,CL020,PR003,COM004,VIL008,20,17200.0,179740.0,130312.0,49428.0,179740.0,0.0,Mobile Money
V01121,20250106,2025-01-06,CL017,PR011,COM001,VIL007,25,1240.0,22088.0,14606.0,7482.0,22088.0,0.0,Mobile Money
V00839,20250106,2025-01-06,CL001,PR015,COM004,VIL001,12,1000.0,15390.0,10004.0,5386.0,7695.0,7695.0,Crédit
V00410,20250106,2025-01-06,CL019,PR008,COM005,VIL008,2,890.0,930.0,637.0,293.0,930.0,0.0,Crédit
V01038,20250106,2025-01-06,CL010,PR010,COM007,VIL004,15,3170.0,40655.0,30780.0,9875.0,26426.0,14229.0,Crédit
V00478,20250107,2025-01-07,CL007,PR008,COM001,VIL002,20,910.0,19019.0,13167.0,5852.0,19019.0,0.0,Mobile Money
V00415,20250107,2025-01-07,CL007,PR009,COM007,VIL002,3,2220.0,6960.0,4671.0,2289.0,6960.0,0.0,Espèces
V01366,20250107,2025-01-07,CL001,PR013,COM005,VIL001,2,2530.0,6489.0,4309.0,2180.0,4218.0,2271.0,Crédit
V00233,20250108,2025-01-08,CL014,PR011,COM007,VIL005,5,1210.0,4598.0,3154.0,1444.0,4598.0,0.0,Mobile Money
V00300,20250108,2025-01-08,CL011,PR013,COM005,VIL004,1,2630.0,2249.0,1513.0,736.0,2249.0,0.0,Crédit
V00540,20250108,2025-01-08,CL009,PR013,COM002,VIL003,3,2470.0,6688.0,4765.0,1923.0,6688.0,0.0,Virement
V00170,20250109,2025-01-09,CL015,PR010,COM004,VIL006,6,3160.0,14049.0,10670.0,3379.0,14049.0,0.0,Virement
V00369,20250109,2025-01-09,CL001,PR007,COM008,VIL001,2,1760.0,4514.0,3001.0,1513.0,4514.0,0.0,Mobile Money
V00272,20250109,2025-01-09,CL008,PR007,COM007,VIL003,6,1830.0,9909.0,6769.0,3140.0,9909.0,0.0,Mobile Money
V00821,20250109,2025-01-09,CL002,PR002,COM003,VIL001,10,15940.0,204430.0,148385.0,56045.0,204430.0,0.0,Crédit
V01167,20250109,2025-01-09,CL005,PR007,COM002,VIL002,1,1790.0,1871.0,1275.0,596.0,1871.0,0.0,Espèces
V00454,20250110,2025-01-10,CL010,PR006,COM002,VIL004,1,730.0,624.0,393.0,231.0,312.0,312.0,Crédit
V01180,20250110,2025-01-10,CL008,PR007,COM001,VIL003,20,1760.0,31768.0,21299.0,10469.0,31768.0,0.0,Mobile Money
V01399,20250110,2025-01-10,CL016,PR002,COM006,VIL006,2,15750.0,23342.0,18021.0,5321.0,23342.0,0.0,Crédit
V00429,20250110,2025-01-10,CL004,PR012,COM002,VIL001,20,2850.0,73102.0,49761.0,23341.0,47516.0,25586.0,Crédit
V01300,20250111,2025-01-11,CL008,PR002,COM004,VIL003,8,15710.0,113426.0,86640.0,26786.0,113426.0,0.0,Virement
V00830,20250111,2025-01-11,CL003,PR003,COM004,VIL001,8,17210.0,176575.0,136048.0,40527.0,176575.0,0.0,Espèces
V01493,20250111,2025-01-11,CL004,PR011,COM007,VIL001,40,1210.0,62073.0,42066.0,20007.0,62073.0,0.0,Espèces
V00385,20250112,2025-01-12,CL013,PR012,COM001,VIL005,3,2810.0,6407.0,4560.0,1847.0,6407.0,0.0,Mobile Money
V00787,20250112,2025-01-12,CL019,PR003,COM003,VIL008,30,17600.0,275880.0,205970.0,69910.0,137940.0,137940.0,Crédit
V00138,20250112,2025-01-12,CL013,PR008,COM004,VIL005,1,920.0,699.0,456.0,243.0,699.0,0.0,Virement
V00147,20250113,2025-01-13,CL007,PR010,COM006,VIL002,10,3220.0,33649.0,24140.0,9509.0,33649.0,0.0,Mobile Money
V00663,20250113,2025-01-13,CL009,PR015,COM003,VIL003,20,1020.0,18411.0,11913.0,6498.0,17490.0,921.0,Mobile Money
V00117,20250114,2025-01-14,CL016,PR010,COM003,VIL006,2,3210.0,4757.0,3512.0,1245.0,2378.0,2379.0,Crédit
V01446,20250114,2025-01-14,CL003,PR007,COM002,VIL001,5,1810.0,11607.0,7439.0,4168.0,11607.0,0.0,Mobile Money
V00970,20250114,2025-01-14,CL005,PR010,COM003,VIL002,2,3250.0,6793.0,4849.0,1944.0,6793.0,0.0,Espèces
V00844,20250114,2025-01-14,CL015,PR005,COM004,VIL006,6,1640.0,7291.0,5513.0,1778.0,7291.0,0.0,Espèces
V00328,20250114,2025-01-14,CL020,PR004,COM005,VIL008,15,7440.0,58311.0,43576.0,14735.0,29156.0,29155.0,Crédit
V01266,20250114,2025-01-14,CL011,PR015,COM005,VIL004,5,990.0,4232.0,2693.0,1539.0,3386.0,846.0,Crédit
V00870,20250115,2025-01-15,CL004,PR011,COM003,VIL001,5,1180.0,7567.0,5194.0,2373.0,7567.0,0.0,Mobile Money
V01240,20250115,2025-01-15,CL007,PR004,COM001,VIL002,8,7450.0,62282.0,46147.0,16135.0,40483.0,21799.0,Crédit
V01452,20250115,2025-01-15,CL011,PR004,COM007,VIL004,30,7780.0,199557.0,145948.0,53609.0,199557.0,0.0,Espèces
V00250,20250116,2025-01-16,CL015,PR006,COM003,VIL006,5,730.0,2705.0,1815.0,890.0,2705.0,0.0,Mobile Money
V00817,20250116,2025-01-16,CL002,PR007,COM005,VIL001,4,1840.0,9439.0,6156.0,3283.0,6135.0,3304.0,Crédit
V00562,20250116,2025-01-16,CL012,PR003,COM005,VIL004,5,16760.0,71649.0,56002.0,15647.0,71649.0,0.0,Mobile Money
V00902,20250116,2025-01-16,CL012,PR015,COM006,VIL004,12,990.0,10157.0,6669.0,3488.0,6602.0,3555.0,Crédit
V01019,20250116,2025-01-16,CL003,PR003,COM005,VIL001,2,17570.0,45067.0,33294.0,11773.0,29294.0,15773.0,Crédit
V00056,20250116,2025-01-16,CL004,PR008,COM002,VIL001,5,910.0,5835.0,3912.0,1923.0,5835.0,0.0,Espèces
V01099,20250116,2025-01-16,CL020,PR012,COM007,VIL008,8,2850.0,11913.0,7984.0,3929.0,11913.0,0.0,Espèces
V00397,20250117,2025-01-17,CL012,PR007,COM007,VIL004,1,1840.0,1573.0,1009.0,564.0,1573.0,0.0,Virement
V00811,20250117,2025-01-17,CL006,PR004,COM008,VIL002,6,7430.0,46586.0,34297.0,12289.0,37269.0,9317.0,Crédit
V01110,20250117,2025-01-17,CL017,PR005,COM001,VIL007,5,1680.0,5985.0,4453.0,1532.0,5985.0,0.0,Virement
V00352,20250117,2025-01-17,CL006,PR015,COM006,VIL002,2,1020.0,2132.0,1379.0,753.0,1066.0,1066.0,Crédit
V00574,20250118,2025-01-18,CL007,PR005,COM007,VIL002,5,1690.0,8830.0,6322.0,2508.0,8830.0,0.0,Espèces
V01463,20250118,2025-01-18,CL020,PR009,COM007,VIL008,4,2130.0,4452.0,3135.0,1317.0,1558.0,2894.0,Crédit
V01286,20250118,2025-01-18,CL003,PR012,COM005,VIL001,2,2720.0,6977.0,4976.0,2001.0,6977.0,0.0,Espèces
V01270,20250118,2025-01-18,CL020,PR008,COM005,VIL008,10,880.0,4598.0,3240.0,1358.0,1609.0,2989.0,Crédit
V00848,20250119,2025-01-19,CL016,PR006,COM004,VIL006,10,760.0,5632.0,3557.0,2075.0,5632.0,0.0,Virement
V01453,20250119,2025-01-19,CL019,PR008,COM002,VIL008,8,900.0,3762.0,2508.0,1254.0,3762.0,0.0,Espèces
V00584,20250119,2025-01-19,CL014,PR005,COM004,VIL005,10,1730.0,13148.0,9272.0,3876.0,13148.0,0.0,Espèces
V00699,20250119,2025-01-19,CL012,PR005,COM005,VIL004,1,1680.0,1436.0,1069.0,367.0,1436.0,0.0,Espèces
V01464,20250119,2025-01-19,CL002,PR010,COM003,VIL001,30,3210.0,123505.0,92340.0,31165.0,123505.0,0.0,Espèces
V00546,20250120,2025-01-20,CL020,PR010,COM003,VIL008,5,3250.0,8491.0,5878.0,2613.0,5519.0,2972.0,Crédit
V00887,20250120,2025-01-20,CL020,PR002,COM002,VIL008,40,15380.0,321442.0,248292.0,73150.0,257154.0,64288.0,Crédit
V00898,20250120,2025-01-20,CL006,PR001,COM004,VIL002,4,18210.0,76118.0,59899.0,16219.0,76118.0,0.0,Espèces
V01267,20250121,2025-01-21,CL008,PR006,COM003,VIL003,4,740.0,2671.0,1733.0,938.0,1336.0,1335.0,Crédit
V00858,20250121,2025-01-21,CL005,PR001,COM006,VIL002,5,17840.0,93214.0,73934.0,19280.0,46607.0,46607.0,Crédit
V01026,20250121,2025-01-21,CL007,PR003,COM001,VIL002,25,17330.0,452746.0,339886.0,112860.0,294285.0,158461.0,Crédit
V01021,20250121,2025-01-21,CL009,PR002,COM004,VIL003,3,15040.0,40721.0,31867.0,8854.0,40721.0,0.0,Mobile Money
V00542,20250121,2025-01-21,CL018,PR009,COM002,VIL007,6,2230.0,9533.0,6199.0,3334.0,9533.0,0.0,Crédit
V01136,20250122,2025-01-22,CL001,PR015,COM005,VIL001,1,990.0,1270.0,795.0,475.0,635.0,635.0,Crédit
V00150,20250122,2025-01-22,CL017,PR002,COM003,VIL007,2,15500.0,22088.0,17128.0,4960.0,20984.0,1104.0,Espèces
V01411,20250123,2025-01-23,CL003,PR002,COM002,VIL001,4,15690.0,80490.0,59354.0,21136.0,80490.0,0.0,Virement
V00619,20250123,2025-01-23,CL011,PR007,COM007,VIL004,4,1820.0,6224.0,4070.0,2154.0,6224.0,0.0,Espèces
V01351,20250123,2025-01-23,CL004,PR010,COM002,VIL001,2,3250.0,8336.0,5848.0,2488.0,8336.0,0.0,Mobile Money
V01470,20250123,2025-01-23,CL013,PR012,COM001,VIL005,3,2790.0,6361.0,4332.0,2029.0,4135.0,2226.0,Crédit
V01456,20250124,2025-01-24,CL020,PR002,COM006,VIL008,4,15340.0,32061.0,24578.0,7483.0,32061.0,0.0,Mobile Money
V00279,20250124,2025-01-24,CL007,PR015,COM001,VIL002,4,1000.0,4180.0,2675.0,1505.0,4180.0,0.0,Espèces
V00036,20250124,2025-01-24,CL001,PR015,COM005,VIL001,10,960.0,12312.0,8336.0,3976.0,12312.0,0.0,Virement
V00387,20250125,2025-01-25,CL014,PR012,COM006,VIL005,6,2700.0,12312.0,8983.0,3329.0,9850.0,2462.0,Crédit
V01035,20250125,2025-01-25,CL017,PR007,COM001,VIL007,2,1740.0,2480.0,1724.0,756.0,1612.0,868.0,Crédit
V00518,20250125,2025-01-25,CL015,PR014,COM005,VIL006,2,1460.0,2164.0,1452.0,712.0,2164.0,0.0,Crédit
V01362,20250125,2025-01-25,CL019,PR012,COM005,VIL008,6,2830.0,8872.0,6301.0,2571.0,8872.0,0.0,Virement
V00045,20250125,2025-01-25,CL005,PR003,COM004,VIL002,10,17100.0,178695.0,135014.0,43681.0,178695.0,0.0,Mobile Money
V00899,20250126,2025-01-26,CL006,PR005,COM008,VIL002,2,1680.0,3511.0,2612.0,899.0,3511.0,0.0,Espèces
V01022,20250127,2025-01-27,CL001,PR001,COM006,VIL001,2,18580.0,47658.0,36731.0,10927.0,47658.0,0.0,Mobile Money
V00659,20250127,2025-01-27,CL017,PR006,COM002,VIL007,15,740.0,7909.0,5237.0,2672.0,7909.0,0.0,Espèces
V01055,20250128,2025-01-28,CL020,PR001,COM005,VIL008,12,18330.0,114929.0,85272.0,29657.0,114929.0,0.0,Virement
V01253,20250128,2025-01-28,CL012,PR015,COM001,VIL004,2,980.0,1676.0,1112.0,564.0,838.0,838.0,Crédit
V01215,20250128,2025-01-28,CL011,PR011,COM008,VIL004,6,1190.0,6105.0,4309.0,1796.0,6105.0,0.0,Espèces
V00069,20250128,2025-01-28,CL019,PR003,COM003,VIL008,10,17080.0,89243.0,69649.0,19594.0,89243.0,0.0,Mobile Money
V00217,20250129,2025-01-29,CL013,PR001,COM008,VIL005,4,17850.0,54264.0,42712.0,11552.0,18992.0,35272.0,Crédit
V00127,20250129,2025-01-29,CL012,PR013,COM001,VIL004,6,2550.0,13082.0,8926.0,4156.0,13082.0,0.0,Crédit
V01027,20250129,2025-01-29,CL010,PR004,COM005,VIL004,8,7180.0,49111.0,38030.0,11081.0,46655.0,2456.0,Mobile Money
V01096,20250130,2025-01-30,CL004,PR009,COM003,VIL001,4,2220.0,11389.0,7746.0,3643.0,3986.0,7403.0,Crédit
V00439,20250130,2025-01-30,CL020,PR015,COM003,VIL008,1,1010.0,528.0,340.0,188.0,422.0,106.0,Crédit
V01328,20250131,2025-01-31,CL019,PR007,COM006,VIL008,10,1770.0,9248.0,6270.0,2978.0,7398.0,1850.0,Crédit
V01361,20250131,2025-01-31,CL004,PR001,COM005,VIL001,3,17350.0,66754.0,53942.0,12812.0,66754.0,0.0,Crédit
V01256,20250131,2025-01-31,CL018,PR005,COM004,VIL007,1,1700.0,1211.0,876.0,335.0,787.0,424.0,Crédit
V00280,20250131,2025-01-31,CL014,PR011,COM001,VIL005,2,1180.0,1794.0,1262.0,532.0,1794.0,0.0,Virement
V00678,20250131,2025-01-31,CL010,PR012,COM004,VIL004,6,2820.0,14467.0,10568.0,3899.0,14467.0,0.0,Virement
V00246,20250131,2025-01-31,CL020,PR013,COM003,VIL008,6,2500.0,7838.0,5298.0,2540.0,7838.0,0.0,Crédit
V01122,20250131,2025-01-31,CL008,PR015,COM001,VIL003,12,1040.0,11263.0,7040.0,4223.0,9010.0,2253.0,Crédit
V00431,20250131,2025-01-31,CL002,PR004,COM001,VIL001,6,7460.0,57405.0,42399.0,15006.0,37313.0,20092.0,Crédit
V00007,20250201,2025-02-01,CL019,PR009,COM003,VIL008,6,2140.0,6921.0,4916.0,2005.0,4499.0,2422.0,Crédit
V00196,20250201,2025-02-01,CL014,PR003,COM007,VIL005,4,17580.0,55131.0,41427.0,13704.0,44105.0,11026.0,Crédit
V00753,20250201,2025-02-01,CL005,PR015,COM006,VIL002,5,1010.0,5444.0,3557.0,1887.0,5444.0,0.0,Espèces
V00881,20250201,2025-02-01,CL004,PR013,COM002,VIL001,10,2580.0,34133.0,23682.0,10451.0,32426.0,1707.0,Espèces
V00001,20250202,2025-02-02,CL011,PR012,COM006,VIL004,12,2860.0,30270.0,20745.0,9525.0,30270.0,0.0,Virement
V00695,20250202,2025-02-02,CL014,PR006,COM003,VIL005,10,760.0,5958.0,3842.0,2116.0,3873.0,2085.0,Crédit
V00172,20250202,2025-02-02,CL012,PR015,COM006,VIL004,8,1040.0,7338.0,4375.0,2963.0,4770.0,2568.0,Crédit
V00728,20250202,2025-02-02,CL019,PR008,COM007,VIL008,3,870.0,1407.0,1035.0,372.0,915.0,492.0,Crédit
V00359,20250203,2025-02-03,CL011,PR003,COM003,VIL004,8,17220.0,121504.0,93845.0,27659.0,121504.0,0.0,Virement
V00826,20250203,2025-02-03,CL017,PR014,COM004,VIL007,6,1470.0,6483.0,4410.0,2073.0,6483.0,0.0,Espèces
V00133,20250203,2025-02-03,CL002,PR012,COM003,VIL001,2,2770.0,7329.0,5027.0,2302.0,7329.0,0.0,Virement
V00910,20250203,2025-02-03,CL001,PR014,COM006,VIL001,12,1450.0,23020.0,15241.0,7779.0,23020.0,0.0,Virement
V00033,20250203,2025-02-03,CL019,PR009,COM006,VIL008,3,2230.0,3606.0,2426.0,1180.0,3606.0,0.0,Virement
V00010,20250204,2025-02-04,CL014,PR013,COM008,VIL005,10,2490.0,19522.0,13720.0,5802.0,19522.0,0.0,Espèces
V00791,20250204,2025-02-04,CL008,PR002,COM007,VIL003,3,14930.0,41699.0,33153.0,8546.0,27104.0,14595.0,Crédit
V00376,20250204,2025-02-04,CL003,PR008,COM006,VIL001,4,880.0,4657.0,3334.0,1323.0,2328.0,2329.0,Crédit
V00951,20250204,2025-02-04,CL017,PR006,COM003,VIL007,4,760.0,2234.0,1352.0,882.0,1452.0,782.0,Crédit
V00581,20250204,2025-02-04,CL017,PR014,COM003,VIL007,10,1530.0,11246.0,7350.0,3896.0,5623.0,5623.0,Crédit
V00977,20250204,2025-02-04,CL011,PR010,COM003,VIL004,1,3360.0,2964.0,2073.0,891.0,1927.0,1037.0,Crédit
V00674,20250204,2025-02-04,CL016,PR001,COM003,VIL006,4,19310.0,59042.0,42623.0,16419.0,47234.0,11808.0,Crédit
V00700,20250204,2025-02-04,CL004,PR012,COM008,VIL001,5,2830.0,18720.0,12502.0,6218.0,18720.0,0.0,Mobile Money
V00243,20250204,2025-02-04,CL010,PR014,COM004,VIL004,20,1460.0,25754.0,17464.0,8290.0,25754.0,0.0,Espèces
V00087,20250205,2025-02-05,CL017,PR003,COM002,VIL007,3,16570.0,36537.0,27695.0,8842.0,36537.0,0.0,Espèces
V00218,20250205,2025-02-05,CL008,PR007,COM008,VIL003,1,1810.0,1685.0,1136.0,549.0,1348.0,337.0,Crédit
V00588,20250206,2025-02-06,CL014,PR011,COM002,VIL005,5,1180.0,4626.0,3136.0,1490.0,4626.0,0.0,Espèces
V00891,20250206,2025-02-06,CL010,PR009,COM002,VIL004,2,2180.0,3846.0,2646.0,1200.0,2500.0,1346.0,Crédit
V01436,20250207,2025-02-07,CL005,PR014,COM003,VIL002,6,1480.0,9573.0,6339.0,3234.0,7658.0,1915.0,Crédit
V01359,20250207,2025-02-07,CL015,PR011,COM003,VIL006,5,1200.0,4586.0,3210.0,1376.0,4586.0,0.0,Mobile Money
V01289,20250207,2025-02-07,CL001,PR012,COM005,VIL001,40,2870.0,151880.0,102665.0,49215.0,75940.0,75940.0,Crédit
V00580,20250207,2025-02-07,CL003,PR002,COM005,VIL001,1,15560.0,20586.0,15400.0,5186.0,20586.0,0.0,Espèces
V00258,20250207,2025-02-07,CL013,PR003,COM002,VIL005,3,17430.0,40995.0,30741.0,10254.0,40995.0,0.0,Mobile Money
V01450,20250207,2025-02-07,CL011,PR014,COM005,VIL004,1,1460.0,1288.0,882.0,406.0,1288.0,0.0,Espèces
V00171,20250208,2025-02-08,CL016,PR010,COM001,VIL006,40,3070.0,93868.0,72771.0,21097.0,93868.0,0.0,Espèces
V00818,20250208,2025-02-08,CL009,PR013,COM001,VIL003,3,2470.0,6899.0,4860.0,2039.0,2415.0,4484.0,Crédit
V01166,20250208,2025-02-08,CL011,PR011,COM004,VIL004,3,1200.0,3175.0,2170.0,1005.0,3175.0,0.0,Espèces
V00583,20250208,2025-02-08,CL007,PR004,COM001,VIL002,4,7830.0,33763.0,23371.0,10392.0,33763.0,0.0,Espèces
V00460,20250208,2025-02-08,CL004,PR006,COM008,VIL001,12,750.0,11907.0,7620.0,4287.0,7740.0,4167.0,Crédit
V00516,20250208,2025-02-08,CL007,PR015,COM008,VIL002,10,1020.0,10996.0,6791.0,4205.0,10996.0,0.0,Virement
V01227,20250209,2025-02-09,CL003,PR007,COM005,VIL001,6,1780.0,14130.0,9684.0,4446.0,14130.0,0.0,Espèces
V00322,20250209,2025-02-09,CL016,PR003,COM006,VIL006,5,16980.0,64898.0,50565.0,14333.0,42184.0,22714.0,Crédit
V00310,20250209,2025-02-09,CL020,PR015,COM007,VIL008,1,980.0,528.0,367.0,161.0,528.0,0.0,Crédit
V01272,20250209,2025-02-09,CL001,PR008,COM002,VIL001,5,880.0,5821.0,4035.0,1786.0,3784.0,2037.0,Crédit
V00480,20250209,2025-02-09,CL016,PR012,COM005,VIL006,6,2950.0,13530.0,8943.0,4587.0,8794.0,4736.0,Crédit
V01489,20250210,2025-02-10,CL019,PR010,COM007,VIL008,3,3130.0,5061.0,3929.0,1132.0,5061.0,0.0,Crédit
V01484,20250210,2025-02-10,CL017,PR001,COM007,VIL007,3,18380.0,40528.0,31598.0,8930.0,32422.0,8106.0,Crédit
V00808,20250210,2025-02-10,CL004,PR003,COM006,VIL001,8,17100.0,180986.0,137804.0,43182.0,180986.0,0.0,Mobile Money
V01466,20250210,2025-02-10,CL012,PR002,COM001,VIL004,2,15860.0,27977.0,20903.0,7074.0,9792.0,18185.0,Crédit
V01216,20250211,2025-02-11,CL010,PR015,COM004,VIL004,2,1010.0,1782.0,1147.0,635.0,891.0,891.0,Crédit
V00873,20250211,2025-02-11,CL002,PR013,COM003,VIL001,2,2490.0,6589.0,4657.0,1932.0,5271.0,1318.0,Crédit
V00120,20250211,2025-02-11,CL020,PR014,COM008,VIL008,3,1500.0,2426.0,1568.0,858.0,2426.0,0.0,Virement
V01321,20250211,2025-02-11,CL011,PR010,COM005,VIL004,12,3150.0,33340.0,24872.0,8468.0,33340.0,0.0,Virement
V00501,20250211,2025-02-11,CL018,PR001,COM002,VIL007,4,18200.0,53508.0,39837.0,13671.0,50833.0,2675.0,Mobile Money
V00726,20250212,2025-02-12,CL013,PR015,COM004,VIL005,12,990.0,9314.0,6115.0,3199.0,9314.0,0.0,Mobile Money
V01020,20250212,2025-02-12,CL020,PR011,COM005,VIL008,10,1160.0,6252.0,4474.0,1778.0,2188.0,4064.0,Crédit
V00538,20250212,2025-02-12,CL001,PR002,COM005,VIL001,6,15000.0,119070.0,93272.0,25798.0,41674.0,77396.0,Crédit
V00365,20250212,2025-02-12,CL017,PR003,COM008,VIL007,3,17580.0,38764.0,28158.0,10606.0,38764.0,0.0,Virement
V00497,20250213,2025-02-13,CL012,PR002,COM006,VIL004,10,16110.0,142090.0,106105.0,35985.0,142090.0,0.0,Virement
V00313,20250213,2025-02-13,CL014,PR014,COM005,VIL005,6,1510.0,7103.0,4657.0,2446.0,7103.0,0.0,Espèces
V00198,20250213,2025-02-13,CL003,PR013,COM001,VIL001,2,2490.0,6589.0,4551.0,2038.0,6589.0,0.0,Mobile Money
V01157,20250213,2025-02-13,CL002,PR011,COM007,VIL001,20,1210.0,32017.0,21697.0,10320.0,32017.0,0.0,Mobile Money
V00863,20250213,2025-02-13,CL020,PR004,COM005,VIL008,8,7740.0,33375.0,23414.0,9961.0,21694.0,11681.0,Crédit
V01050,20250213,2025-02-13,CL003,PR007,COM007,VIL001,10,1810.0,23946.0,15611.0,8335.0,23946.0,0.0,Mobile Money
V00946,20250213,2025-02-13,CL018,PR011,COM003,VIL007,15,1190.0,13120.0,8930.0,4190.0,8528.0,4592.0,Crédit
V00724,20250213,2025-02-13,CL009,PR015,COM007,VIL003,5,1030.0,4795.0,3119.0,1676.0,4795.0,0.0,Crédit
V01343,20250213,2025-02-13,CL016,PR008,COM005,VIL006,6,910.0,4174.0,2798.0,1376.0,4174.0,0.0,Mobile Money
V00778,20250213,2025-02-13,CL002,PR013,COM007,VIL001,1,2600.0,3440.0,2342.0,1098.0,2236.0,1204.0,Crédit
V00783,20250214,2025-02-14,CL007,PR002,COM007,VIL002,25,15570.0,419612.0,314506.0,105106.0,419612.0,0.0,Espèces
V00784,20250214,2025-02-14,CL016,PR012,COM007,VIL006,3,2710.0,6215.0,4495.0,1720.0,2175.0,4040.0,Crédit
V00386,20250214,2025-02-14,CL004,PR004,COM002,VIL001,8,7240.0,76628.0,59059.0,17569.0,76628.0,0.0,Crédit
V00418,20250214,2025-02-14,CL010,PR014,COM003,VIL004,12,1560.0,16511.0,10584.0,5927.0,10732.0,5779.0,Crédit
V01238,20250215,2025-02-15,CL004,PR002,COM008,VIL001,15,16170.0,320894.0,231591.0,89303.0,320894.0,0.0,Mobile Money
V00874,20250215,2025-02-15,CL008,PR008,COM002,VIL003,2,900.0,1676.0,1117.0,559.0,1676.0,0.0,Crédit
V00436,20250215,2025-02-15,CL004,PR010,COM005,VIL001,6,3170.0,25163.0,18178.0,6985.0,25163.0,0.0,Espèces
V01005,20250216,2025-02-16,CL002,PR013,COM005,VIL001,6,2590.0,20559.0,13733.0,6826.0,13363.0,7196.0,Crédit
V00221,20250216,2025-02-16,CL002,PR011,COM005,VIL001,3,1170.0,4644.0,3175.0,1469.0,3019.0,1625.0,Crédit
V00018,20250216,2025-02-16,CL001,PR004,COM001,VIL001,2,7330.0,19395.0,14950.0,4445.0,15516.0,3879.0,Crédit
V00157,20250216,2025-02-16,CL017,PR012,COM002,VIL007,1,2850.0,2095.0,1419.0,676.0,2095.0,0.0,Espèces
V00759,20250216,2025-02-16,CL001,PR002,COM006,VIL001,20,15350.0,406161.0,327046.0,79115.0,385853.0,20308.0,Mobile Money
V00074,20250217,2025-02-17,CL017,PR012,COM008,VIL007,10,2800.0,20580.0,13818.0,6762.0,16464.0,4116.0,Crédit
V00945,20250217,2025-02-17,CL012,PR002,COM003,VIL004,2,15440.0,27236.0,20903.0,6333.0,27236.0,0.0,Espèces
V00434,20250217,2025-02-17,CL020,PR006,COM007,VIL008,3,760.0,1229.0,760.0,469.0,1229.0,0.0,Espèces
V00705,20250217,2025-02-17,CL010,PR015,COM005,VIL004,1,1040.0,917.0,564.0,353.0,917.0,0.0,Espèces
V00948,20250218,2025-02-18,CL013,PR006,COM004,VIL005,2,750.0,1176.0,753.0,423.0,1117.0,59.0,Mobile Money
V00443,20250218,2025-02-18,CL018,PR007,COM007,VIL007,1,1830.0,1345.0,838.0,507.0,1278.0,67.0,Virement
V00670,20250218,2025-02-18,CL020,PR004,COM001,VIL008,6,7120.0,23026.0,18207.0,4819.0,23026.0,0.0,Espèces
V00414,20250218,2025-02-18,CL016,PR002,COM005,VIL006,1,15480.0,11833.0,9364.0,2469.0,7691.0,4142.0,Crédit
V01358,20250219,2025-02-19,CL016,PR004,COM003,VIL006,3,7340.0,16832.0,12727.0,4105.0,8416.0,8416.0,Crédit
V00604,20250219,2025-02-19,CL003,PR010,COM004,VIL001,3,3100.0,12304.0,9367.0,2937.0,12304.0,0.0,Espèces
V01342,20250219,2025-02-19,CL015,PR007,COM008,VIL006,2,1760.0,2691.0,1865.0,826.0,2153.0,538.0,Crédit
V00823,20250219,2025-02-19,CL007,PR009,COM006,VIL002,6,2180.0,14100.0,9702.0,4398.0,14100.0,0.0,Mobile Money
V00682,20250220,2025-02-20,CL005,PR001,COM007,VIL002,2,18410.0,39692.0,29839.0,9853.0,39692.0,0.0,Crédit
V00721,20250220,2025-02-20,CL019,PR010,COM003,VIL008,8,3090.0,13324.0,9659.0,3665.0,13324.0,0.0,Virement
V01445,20250220,2025-02-20,CL017,PR012,COM003,VIL007,2,2800.0,4116.0,2896.0,1220.0,3293.0,823.0,Crédit
V00462,20250221,2025-02-21,CL020,PR015,COM005,VIL008,12,990.0,6403.0,4204.0,2199.0,6403.0,0.0,Crédit
V01187,20250221,2025-02-21,CL005,PR004,COM007,VIL002,2,7440.0,16041.0,11836.0,4205.0,16041.0,0.0,Mobile Money
V00241,20250221,2025-02-21,CL009,PR004,COM003,VIL003,20,7690.0,143188.0,104458.0,38730.0,143188.0,0.0,Virement
V00329,20250221,2025-02-21,CL013,PR006,COM008,VIL005,5,760.0,2979.0,1842.0,1137.0,2979.0,0.0,Mobile Money
V00118,20250221,2025-02-21,CL011,PR010,COM005,VIL004,8,3310.0,23355.0,16440.0,6915.0,11678.0,11677.0,Crédit
V00306,20250221,2025-02-21,CL001,PR004,COM007,VIL001,1,7470.0,9883.0,7501.0,2382.0,7906.0,1977.0,Crédit
V00620,20250221,2025-02-21,CL015,PR002,COM001,VIL006,30,15230.0,349254.0,263259.0,85995.0,349254.0,0.0,Mobile Money
V01090,20250221,2025-02-21,CL007,PR015,COM007,VIL002,2,990.0,2134.0,1423.0,711.0,2134.0,0.0,Virement
V00769,20250221,2025-02-21,CL003,PR013,COM006,VIL001,8,2520.0,26672.0,17993.0,8679.0,26672.0,0.0,Espèces
V00100,20250221,2025-02-21,CL015,PR005,COM006,VIL006,2,1710.0,2614.0,1880.0,734.0,2614.0,0.0,Espèces
V00528,20250222,2025-02-22,CL020,PR002,COM001,VIL008,2,15080.0,16256.0,13206.0,3050.0,10566.0,5690.0,Crédit
V00834,20250222,2025-02-22,CL017,PR010,COM008,VIL007,5,3210.0,11797.0,8820.0,2977.0,11797.0,0.0,Mobile Money
V01063,20250222,2025-02-22,CL014,PR010,COM007,VIL005,2,3220.0,5049.0,3685.0,1364.0,5049.0,0.0,Espèces
V00408,20250222,2025-02-22,CL004,PR010,COM007,VIL001,3,3400.0,13495.0,9168.0,4327.0,13495.0,0.0,Mobile Money
V00924,20250222,2025-02-22,CL017,PR007,COM002,VIL007,20,1880.0,27636.0,17493.0,10143.0,27636.0,0.0,Espèces
V00256,20250222,2025-02-22,CL007,PR003,COM005,VIL002,12,17130.0,221594.0,171014.0,50580.0,177275.0,44319.0,Crédit
V00975,20250223,2025-02-23,CL003,PR002,COM001,VIL001,1,15390.0,20361.0,15625.0,4736.0,20361.0,0.0,Espèces
V00522,20250223,2025-02-23,CL014,PR005,COM004,VIL005,15,1640.0,19286.0,14700.0,4586.0,9643.0,9643.0,Crédit
V00752,20250223,2025-02-23,CL012,PR012,COM004,VIL004,5,2760.0,12172.0,8600.0,3572.0,4260.0,7912.0,Crédit
V00938,20250224,2025-02-24,CL014,PR008,COM001,VIL005,8,910.0,5708.0,3889.0,1819.0,5708.0,0.0,Virement
V00457,20250224,2025-02-24,CL011,PR012,COM002,VIL004,25,2880.0,63504.0,41674.0,21830.0,63504.0,0.0,Espèces
V01104,20250224,2025-02-24,CL012,PR001,COM004,VIL004,3,17670.0,46755.0,36674.0,10081.0,37404.0,9351.0,Crédit
V00182,20250225,2025-02-25,CL001,PR003,COM002,VIL001,3,17210.0,68306.0,53343.0,14963.0,44399.0,23907.0,Crédit
V00390,20250225,2025-02-25,CL009,PR011,COM004,VIL003,3,1140.0,3184.0,2234.0,950.0,2547.0,637.0,Crédit
V00357,20250225,2025-02-25,CL008,PR001,COM007,VIL003,6,17930.0,100157.0,77925.0,22232.0,100157.0,0.0,Mobile Money
V01481,20250225,2025-02-25,CL015,PR008,COM005,VIL006,5,880.0,3363.0,2331.0,1032.0,2690.0,673.0,Crédit
V00273,20250225,2025-02-25,CL008,PR010,COM002,VIL003,8,3160.0,23536.0,17577.0,5959.0,23536.0,0.0,Espèces
V01046,20250226,2025-02-26,CL008,PR001,COM008,VIL003,3,17610.0,49185.0,38795.0,10390.0,49185.0,0.0,Virement
V01406,20250226,2025-02-26,CL018,PR014,COM002,VIL007,6,1500.0,6615.0,4454.0,2161.0,4300.0,2315.0,Crédit
V00533,20250226,2025-02-26,CL002,PR001,COM003,VIL001,5,17210.0,113844.0,93536.0,20308.0,113844.0,0.0,Espèces
V00536,20250226,2025-02-26,CL017,PR002,COM002,VIL007,12,14930.0,131683.0,101342.0,30341.0,131683.0,0.0,Virement
V00884,20250226,2025-02-26,CL008,PR007,COM004,VIL003,5,1900.0,8844.0,5679.0,3165.0,3095.0,5749.0,Crédit
V00961,20250226,2025-02-26,CL007,PR015,COM008,VIL002,3,970.0,3137.0,2070.0,1067.0,3137.0,0.0,Virement
V01229,20250226,2025-02-26,CL012,PR006,COM004,VIL004,6,730.0,3863.0,2487.0,1376.0,2511.0,1352.0,Crédit
V00058,20250226,2025-02-26,CL016,PR003,COM007,VIL006,2,18300.0,27977.0,20302.0,7675.0,22382.0,5595.0,Crédit
V00937,20250227,2025-02-27,CL013,PR008,COM004,VIL005,4,970.0,3042.0,1913.0,1129.0,3042.0,0.0,Virement
V00847,20250227,2025-02-27,CL007,PR012,COM004,VIL002,10,2720.0,29322.0,21344.0,7978.0,23458.0,5864.0,Crédit
V00750,20250227,2025-02-27,CL009,PR014,COM005,VIL003,3,1490.0,4162.0,2681.0,1481.0,4162.0,0.0,Virement
V00287,20250228,2025-02-28,CL004,PR002,COM005,VIL001,8,15630.0,165428.0,123304.0,42124.0,165428.0,0.0,Espèces
V00083,20250228,2025-02-28,CL011,PR005,COM002,VIL004,8,1770.0,12489.0,8679.0,3810.0,12489.0,0.0,Espèces
V00178,20250228,2025-02-28,CL009,PR005,COM005,VIL003,4,1660.0,6182.0,4618.0,1564.0,6182.0,0.0,Mobile Money
V01487,20250301,2025-03-01,CL015,PR009,COM008,VIL006,10,2190.0,17082.0,11934.0,5148.0,17082.0,0.0,Espèces
V01076,20250301,2025-03-01,CL007,PR001,COM005,VIL002,4,18350.0,80740.0,62392.0,18348.0,80740.0,0.0,Mobile Money
V00467,20250302,2025-03-02,CL008,PR009,COM002,VIL003,6,2220.0,12654.0,8835.0,3819.0,12654.0,0.0,Espèces
V00168,20250302,2025-03-02,CL014,PR005,COM002,VIL005,2,1680.0,2688.0,2096.0,592.0,2150.0,538.0,Crédit
V00623,20250302,2025-03-02,CL012,PR005,COM005,VIL004,5,1690.0,7605.0,5490.0,2115.0,7605.0,0.0,Crédit
V01078,20250302,2025-03-02,CL010,PR010,COM008,VIL004,6,3090.0,16686.0,12690.0,3996.0,16686.0,0.0,Mobile Money
V00187,20250302,2025-03-02,CL009,PR012,COM008,VIL003,10,2780.0,26410.0,18050.0,8360.0,26410.0,0.0,Virement
V00532,20250302,2025-03-02,CL004,PR002,COM007,VIL001,1,15400.0,20790.0,15687.0,5103.0,16632.0,4158.0,Crédit
V00041,20250302,2025-03-02,CL010,PR006,COM005,VIL004,4,750.0,2700.0,1692.0,1008.0,2160.0,540.0,Crédit
V00350,20250302,2025-03-02,CL004,PR012,COM008,VIL001,4,2760.0,14904.0,10314.0,4590.0,9688.0,5216.0,Crédit
V00703,20250303,2025-03-03,CL001,PR004,COM007,VIL001,6,7590.0,61479.0,44388.0,17091.0,49183.0,12296.0,Crédit
V00685,20250303,2025-03-03,CL013,PR015,COM007,VIL005,2,1030.0,1648.0,1040.0,608.0,1648.0,0.0,Espèces
V00704,20250304,2025-03-04,CL007,PR014,COM006,VIL002,8,1510.0,13288.0,8448.0,4840.0,13288.0,0.0,Mobile Money
V01433,20250304,2025-03-04,CL004,PR014,COM003,VIL001,12,1510.0,24462.0,16200.0,8262.0,12231.0,12231.0,Crédit
V01193,20250304,2025-03-04,CL019,PR012,COM008,VIL008,6,2800.0,9240.0,6303.0,2937.0,9240.0,0.0,Espèces
V00262,20250304,2025-03-04,CL009,PR008,COM007,VIL003,8,900.0,6840.0,4940.0,1900.0,6840.0,0.0,Mobile Money
V01032,20250305,2025-03-05,CL017,PR008,COM008,VIL007,4,880.0,2640.0,1830.0,810.0,2640.0,0.0,Espèces
V00259,20250305,2025-03-05,CL012,PR009,COM004,VIL004,6,2220.0,11988.0,8100.0,3888.0,7792.0,4196.0,Crédit
V00908,20250305,2025-03-05,CL015,PR015,COM007,VIL006,15,1000.0,11700.0,7371.0,4329.0,7605.0,4095.0,Crédit
V00411,20250305,2025-03-05,CL002,PR002,COM008,VIL001,8,16310.0,176148.0,131760.0,44388.0,114496.0,61652.0,Crédit
V00544,20250305,2025-03-05,CL015,PR012,COM005,VIL006,3,2910.0,6809.0,4657.0,2152.0,6809.0,0.0,Espèces
V00761,20250306,2025-03-06,CL001,PR003,COM008,VIL001,40,17670.0,954180.0,717120.0,237060.0,954180.0,0.0,Virement
V01405,20250306,2025-03-06,CL014,PR004,COM002,VIL005,5,7360.0,29440.0,21800.0,7640.0,29440.0,0.0,Espèces
V00230,20250306,2025-03-06,CL003,PR013,COM006,VIL001,5,2430.0,16402.0,11880.0,4522.0,16402.0,0.0,Espèces
V01174,20250306,2025-03-06,CL004,PR006,COM006,VIL001,3,770.0,3118.0,1904.0,1214.0,2494.0,624.0,Crédit
V00661,20250306,2025-03-06,CL017,PR009,COM004,VIL007,3,2210.0,4972.0,3465.0,1507.0,2486.0,2486.0,Crédit
V00392,20250307,2025-03-07,CL005,PR008,COM005,VIL002,8,910.0,8008.0,5544.0,2464.0,6406.0,1602.0,Crédit
V00251,20250307,2025-03-07,CL019,PR006,COM001,VIL008,30,720.0,11880.0,7920.0,3960.0,9504.0,2376.0,Crédit
V00349,20250307,2025-03-07,CL011,PR002,COM002,VIL004,10,15860.0,142740.0,101070.0,41670.0,142740.0,0.0,Virement
V00635,20250308,2025-03-08,CL009,PR015,COM006,VIL003,6,1010.0,5757.0,3648.0,2109.0,5757.0,0.0,Espèces
V00469,20250308,2025-03-08,CL017,PR008,COM001,VIL007,3,880.0,1980.0,1418.0,562.0,1980.0,0.0,Mobile Money
V00023,20250308,2025-03-08,CL004,PR006,COM005,VIL001,5,740.0,4995.0,3308.0,1687.0,4995.0,0.0,Espèces
V01106,20250308,2025-03-08,CL016,PR007,COM001,VIL006,2,1810.0,2824.0,1919.0,905.0,2259.0,565.0,Crédit
V00564,20250308,2025-03-08,CL015,PR012,COM006,VIL006,2,2800.0,4368.0,2948.0,1420.0,4368.0,0.0,Mobile Money
V00912,20250308,2025-03-08,CL001,PR015,COM004,VIL001,5,990.0,6682.0,4388.0,2294.0,6682.0,0.0,Mobile Money
V01432,20250309,2025-03-09,CL014,PR002,COM005,VIL005,20,15460.0,247360.0,192640.0,54720.0,160784.0,86576.0,Crédit
V01345,20250310,2025-03-10,CL010,PR006,COM007,VIL004,10,750.0,6750.0,4140.0,2610.0,6750.0,0.0,Crédit
V01326,20250310,2025-03-10,CL017,PR006,COM005,VIL007,6,750.0,3375.0,2160.0,1215.0,3375.0,0.0,Espèces
V00253,20250310,2025-03-10,CL013,PR003,COM007,VIL005,3,18140.0,43536.0,31848.0,11688.0,43536.0,0.0,Virement
V01178,20250311,2025-03-11,CL018,PR011,COM003,VIL007,40,1120.0,33600.0,24600.0,9000.0,26880.0,6720.0,Crédit
V00072,20250311,2025-03-11,CL008,PR008,COM001,VIL003,30,890.0,25365.0,17100.0,8265.0,12682.0,12683.0,Crédit
V00888,20250312,2025-03-12,CL020,PR003,COM008,VIL008,15,17580.0,145035.0,108158.0,36877.0,145035.0,0.0,Espèces
V00523,20250312,2025-03-12,CL014,PR013,COM006,VIL005,2,2520.0,4032.0,2784.0,1248.0,4032.0,0.0,Espèces
V01115,20250312,2025-03-12,CL003,PR005,COM005,VIL001,10,1680.0,22680.0,16875.0,5805.0,14742.0,7938.0,Crédit
V01113,20250312,2025-03-12,CL004,PR003,COM006,VIL001,10,16730.0,225855.0,176175.0,49680.0,180684.0,45171.0,Crédit
V00543,20250313,2025-03-13,CL015,PR002,COM004,VIL006,15,15630.0,182871.0,136890.0,45981.0,182871.0,0.0,Espèces
V00993,20250313,2025-03-13,CL019,PR003,COM002,VIL008,2,18260.0,20086.0,14509.0,5577.0,13056.0,7030.0,Crédit
V00052,20250313,2025-03-13,CL018,PR003,COM001,VIL007,2,16830.0,25245.0,19980.0,5265.0,25245.0,0.0,Espèces
V00398,20250313,2025-03-13,CL018,PR015,COM005,VIL007,2,1020.0,1530.0,975.0,555.0,1224.0,306.0,Crédit
V00102,20250314,2025-03-14,CL015,PR002,COM008,VIL006,2,15370.0,23977.0,18252.0,5725.0,23977.0,0.0,Virement
V00838,20250314,2025-03-14,CL017,PR009,COM005,VIL007,1,2200.0,1650.0,1125.0,525.0,1650.0,0.0,Espèces
V00426,20250314,2025-03-14,CL003,PR015,COM001,VIL001,5,970.0,6548.0,4252.0,2296.0,3274.0,3274.0,Crédit
V00009,20250315,2025-03-15,CL018,PR010,COM003,VIL007,1,3170.0,2378.0,1778.0,600.0,2378.0,0.0,Mobile Money
V00664,20250315,2025-03-15,CL019,PR015,COM007,VIL008,8,1030.0,4532.0,2860.0,1672.0,4532.0,0.0,Mobile Money
V00224,20250315,2025-03-15,CL015,PR012,COM001,VIL006,8,2840.0,17722.0,12168.0,5554.0,17722.0,0.0,Mobile Money
V00872,20250315,2025-03-15,CL017,PR002,COM006,VIL007,3,16170.0,36382.0,27068.0,9314.0,36382.0,0.0,Espèces
V01364,20250315,2025-03-15,CL013,PR015,COM002,VIL005,30,1030.0,24720.0,14880.0,9840.0,24720.0,0.0,Espèces
V00339,20250315,2025-03-15,CL005,PR013,COM007,VIL002,3,2530.0,8349.0,5544.0,2805.0,8349.0,0.0,Espèces
V00653,20250315,2025-03-15,CL018,PR007,COM003,VIL007,3,1880.0,4230.0,2722.0,1508.0,2750.0,1480.0,Crédit
V01085,20250315,2025-03-15,CL008,PR008,COM004,VIL003,6,910.0,5187.0,3534.0,1653.0,5187.0,0.0,Crédit
V01474,20250317,2025-03-17,CL020,PR003,COM001,VIL008,1,17860.0,9823.0,7282.0,2541.0,9823.0,0.0,Espèces
V00735,20250318,2025-03-18,CL012,PR005,COM004,VIL004,2,1690.0,3042.0,2232.0,810.0,1521.0,1521.0,Crédit
V01072,20250318,2025-03-18,CL019,PR012,COM006,VIL008,8,2800.0,12320.0,8712.0,3608.0,12320.0,0.0,Espèces
V00142,20250320,2025-03-20,CL002,PR007,COM001,VIL001,2,1770.0,4779.0,3294.0,1485.0,3106.0,1673.0,Crédit
V01395,20250320,2025-03-20,CL006,PR008,COM005,VIL002,4,920.0,4048.0,2772.0,1276.0,4048.0,0.0,Crédit
V00964,20250321,2025-03-21,CL012,PR006,COM003,VIL004,3,730.0,1971.0,1296.0,675.0,986.0,985.0,Crédit
V00903,20250321,2025-03-21,CL015,PR008,COM006,VIL006,10,920.0,7176.0,4602.0,2574.0,7176.0,0.0,Mobile Money
V01355,20250322,2025-03-22,CL015,PR008,COM004,VIL006,20,900.0,14040.0,9828.0,4212.0,14040.0,0.0,Espèces
V01257,20250323,2025-03-23,CL018,PR005,COM003,VIL007,1,1750.0,1312.0,960.0,352.0,853.0,459.0,Crédit
V00363,20250323,2025-03-23,CL017,PR001,COM008,VIL007,6,18340.0,82530.0,63810.0,18720.0,82530.0,0.0,Espèces
V00032,20250324,2025-03-24,CL001,PR005,COM002,VIL001,1,1780.0,2403.0,1660.0,743.0,2403.0,0.0,Virement
V00976,20250324,2025-03-24,CL009,PR011,COM005,VIL003,3,1220.0,3477.0,2366.0,1111.0,1738.0,1739.0,Crédit
V00078,20250324,2025-03-24,CL016,PR013,COM002,VIL006,6,2400.0,11232.0,8330.0,2902.0,7301.0,3931.0,Crédit
V00567,20250325,2025-03-25,CL015,PR007,COM005,VIL006,15,1800.0,21060.0,14508.0,6552.0,21060.0,0.0,Mobile Money
V00412,20250325,2025-03-25,CL018,PR015,COM005,VIL007,2,970.0,1455.0,960.0,495.0,1455.0,0.0,Espèces
V00626,20250326,2025-03-26,CL006,PR012,COM006,VIL002,6,2760.0,18216.0,12804.0,5412.0,11840.0,6376.0,Crédit
V00486,20250326,2025-03-26,CL016,PR001,COM001,VIL006,10,18680.0,145704.0,110838.0,34866.0,145704.0,0.0,Virement
V01479,20250326,2025-03-26,CL006,PR014,COM002,VIL002,12,1520.0,20064.0,12936.0,7128.0,10032.0,10032.0,Crédit
V00326,20250326,2025-03-26,CL019,PR012,COM004,VIL008,15,2750.0,22688.0,15758.0,6930.0,22688.0,0.0,Virement
V01112,20250326,2025-03-26,CL019,PR008,COM002,VIL008,12,880.0,5808.0,4158.0,1650.0,5808.0,0.0,Mobile Money
V00637,20250327,2025-03-27,CL011,PR009,COM004,VIL004,12,2200.0,23760.0,16416.0,7344.0,23760.0,0.0,Espèces
V01291,20250327,2025-03-27,CL019,PR002,COM006,VIL008,2,15030.0,16533.0,13002.0,3531.0,16533.0,0.0,Virement
V01386,20250327,2025-03-27,CL004,PR011,COM007,VIL001,20,1180.0,31860.0,22140.0,9720.0,15930.0,15930.0,Crédit
V01288,20250327,2025-03-27,CL002,PR013,COM005,VIL001,3,2520.0,10206.0,7047.0,3159.0,8165.0,2041.0,Crédit
V00148,20250327,2025-03-27,CL014,PR013,COM001,VIL005,10,2570.0,20560.0,14400.0,6160.0,10280.0,10280.0,Crédit
V00566,20250328,2025-03-28,CL011,PR004,COM006,VIL004,12,7610.0,82188.0,59400.0,22788.0,78079.0,4109.0,Mobile Money
V00719,20250328,2025-03-28,CL006,PR011,COM001,VIL002,25,1130.0,31075.0,22275.0,8800.0,20199.0,10876.0,Crédit
V00327,20250328,2025-03-28,CL003,PR003,COM002,VIL001,4,17630.0,95202.0,71280.0,23922.0,95202.0,0.0,Espèces
V00510,20250328,2025-03-28,CL013,PR006,COM003,VIL005,3,750.0,1800.0,1176.0,624.0,1800.0,0.0,Crédit
V01308,20250328,2025-03-28,CL007,PR012,COM008,VIL002,4,2830.0,12452.0,8316.0,4136.0,12452.0,0.0,Mobile Money
V00593,20250329,2025-03-29,CL017,PR015,COM001,VIL007,12,1040.0,9360.0,5670.0,3690.0,7488.0,1872.0,Crédit
V00832,20250329,2025-03-29,CL018,PR004,COM007,VIL007,8,7110.0,42660.0,32220.0,10440.0,42660.0,0.0,Mobile Money
V00189,20250329,2025-03-29,CL019,PR001,COM001,VIL008,2,17730.0,19503.0,15411.0,4092.0,19503.0,0.0,Espèces
V01047,20250329,2025-03-29,CL016,PR007,COM002,VIL006,3,1830.0,4282.0,2738.0,1544.0,4282.0,0.0,Crédit
V01265,20250329,2025-03-29,CL005,PR009,COM003,VIL002,8,2110.0,18568.0,13112.0,5456.0,18568.0,0.0,Espèces
V00384,20250329,2025-03-29,CL017,PR014,COM002,VIL007,6,1560.0,7020.0,4455.0,2565.0,7020.0,0.0,Virement
V00854,20250329,2025-03-29,CL010,PR006,COM004,VIL004,4,760.0,2736.0,1692.0,1044.0,1368.0,1368.0,Crédit
V00097,20250329,2025-03-29,CL014,PR003,COM008,VIL005,2,17870.0,28592.0,21216.0,7376.0,28592.0,0.0,Mobile Money
V01402,20250330,2025-03-30,CL017,PR002,COM002,VIL007,10,15280.0,114600.0,87975.0,26625.0,114600.0,0.0,Virement
V01251,20250330,2025-03-30,CL005,PR007,COM008,VIL002,4,1840.0,8096.0,5368.0,2728.0,5262.0,2834.0,Crédit
V01124,20250330,2025-03-30,CL019,PR004,COM007,VIL008,4,7700.0,16940.0,12430.0,4510.0,16093.0,847.0,Espèces
V01454,20250331,2025-03-31,CL009,PR011,COM006,VIL003,8,1210.0,9196.0,6156.0,3040.0,4598.0,4598.0,Crédit
V00857,20250331,2025-03-31,CL009,PR006,COM006,VIL003,12,750.0,8550.0,5472.0,3078.0,8550.0,0.0,Espèces
V00119,20250331,2025-03-31,CL003,PR001,COM006,VIL001,3,18120.0,73386.0,57875.0,15511.0,73386.0,0.0,Espèces
V01013,20250331,2025-03-31,CL020,PR011,COM008,VIL008,20,1170.0,12870.0,9130.0,3740.0,12870.0,0.0,Virement
V01107,20250331,2025-03-31,CL011,PR002,COM004,VIL004,10,15440.0,138960.0,103230.0,35730.0,138960.0,0.0,Espèces
V00989,20250331,2025-03-31,CL011,PR007,COM007,VIL004,40,1790.0,64440.0,43920.0,20520.0,64440.0,0.0,Virement
V00831,20250331,2025-03-31,CL002,PR014,COM005,VIL001,5,1510.0,10192.0,6480.0,3712.0,10192.0,0.0,Espèces
V00315,20250331,2025-03-31,CL018,PR007,COM006,VIL007,3,1840.0,4140.0,2768.0,1372.0,2691.0,1449.0,Crédit
V00925,20250401,2025-04-01,CL007,PR010,COM003,VIL002,3,3120.0,10502.0,8078.0,2424.0,8402.0,2100.0,Crédit
V00508,20250401,2025-04-01,CL004,PR013,COM007,VIL001,12,2490.0,41145.0,29082.0,12063.0,41145.0,0.0,Espèces
V00483,20250402,2025-04-02,CL002,PR012,COM002,VIL001,12,2900.0,47920.0,32387.0,15533.0,31148.0,16772.0,Crédit
V00617,20250402,2025-04-02,CL020,PR001,COM003,VIL008,4,17670.0,39651.0,31281.0,8370.0,31721.0,7930.0,Crédit
V00568,20250402,2025-04-02,CL019,PR003,COM001,VIL008,5,17140.0,48078.0,37531.0,10547.0,38462.0,9616.0,Crédit
V01413,20250402,2025-04-02,CL010,PR006,COM006,VIL004,10,750.0,6885.0,4406.0,2479.0,6885.0,0.0,Virement
V01307,20250403,2025-04-03,CL006,PR012,COM004,VIL002,6,2860.0,19254.0,13195.0,6059.0,19254.0,0.0,Crédit
V00919,20250403,2025-04-03,CL006,PR001,COM005,VIL002,8,18010.0,161658.0,127818.0,33840.0,56580.0,105078.0,Crédit
V00696,20250403,2025-04-03,CL017,PR010,COM004,VIL007,4,3310.0,10129.0,7099.0,3030.0,8103.0,2026.0,Crédit
V00346,20250404,2025-04-04,CL013,PR012,COM007,VIL005,8,2860.0,18670.0,12599.0,6071.0,18670.0,0.0,Virement
V01425,20250404,2025-04-04,CL009,PR005,COM008,VIL003,6,1740.0,10116.0,7093.0,3023.0,10116.0,0.0,Virement
V00933,20250404,2025-04-04,CL004,PR011,COM003,VIL001,5,1220.0,8400.0,5508.0,2892.0,6720.0,1680.0,Crédit
V01179,20250405,2025-04-05,CL012,PR007,COM005,VIL004,8,1900.0,13954.0,8519.0,5435.0,13954.0,0.0,Mobile Money
V00380,20250406,2025-04-06,CL003,PR006,COM007,VIL001,25,750.0,25819.0,16868.0,8951.0,25819.0,0.0,Espèces
V00211,20250406,2025-04-06,CL007,PR015,COM003,VIL002,4,950.0,4264.0,3007.0,1257.0,4264.0,0.0,Espèces
V01297,20250406,2025-04-06,CL018,PR007,COM007,VIL007,5,1870.0,7153.0,4705.0,2448.0,7153.0,0.0,Mobile Money
V00209,20250407,2025-04-07,CL005,PR007,COM007,VIL002,2,1780.0,3994.0,2603.0,1391.0,3994.0,0.0,Virement
V01459,20250407,2025-04-07,CL011,PR002,COM005,VIL004,1,15540.0,14266.0,10988.0,3278.0,14266.0,0.0,Virement
V00292,20250408,2025-04-08,CL018,PR007,COM008,VIL007,10,1860.0,14229.0,9410.0,4819.0,9249.0,4980.0,Crédit
V01261,20250408,2025-04-08,CL003,PR004,COM001,VIL001,25,7200.0,247860.0,191059.0,56801.0,247860.0,0.0,Crédit
V00618,20250408,2025-04-08,CL011,PR007,COM004,VIL004,2,1740.0,3195.0,2203.0,992.0,3195.0,0.0,Mobile Money
V00206,20250408,2025-04-08,CL018,PR011,COM002,VIL007,4,1150.0,3519.0,2417.0,1102.0,3519.0,0.0,Virement
V01429,20250408,2025-04-08,CL004,PR012,COM001,VIL001,3,2740.0,11319.0,8097.0,3222.0,11319.0,0.0,Espèces
V00890,20250409,2025-04-09,CL018,PR013,COM007,VIL007,3,2530.0,5806.0,3924.0,1882.0,5806.0,0.0,Espèces
V01011,20250409,2025-04-09,CL004,PR006,COM004,VIL001,3,760.0,3140.0,1983.0,1157.0,2041.0,1099.0,Crédit
V00744,20250409,2025-04-09,CL003,PR007,COM008,VIL001,5,1810.0,12462.0,7987.0,4475.0,12462.0,0.0,Mobile Money
V01123,20250409,2025-04-09,CL003,PR015,COM002,VIL001,15,960.0,19829.0,13632.0,6197.0,19829.0,0.0,Espèces
V00509,20250409,2025-04-09,CL016,PR001,COM006,VIL006,8,16960.0,107947.0,90953.0,16994.0,107947.0,0.0,Espèces
V00779,20250409,2025-04-09,CL008,PR015,COM004,VIL003,10,1000.0,9690.0,6202.0,3488.0,6298.0,3392.0,Crédit
V00216,20250410,2025-04-10,CL018,PR004,COM005,VIL007,10,7410.0,56686.0,41846.0,14840.0,36846.0,19840.0,Crédit
V01322,20250411,2025-04-11,CL017,PR007,COM006,VIL007,6,1820.0,8354.0,5278.0,3076.0,8354.0,0.0,Espèces
V00505,20250411,2025-04-11,CL016,PR001,COM007,VIL006,10,18320.0,145754.0,110827.0,34927.0,145754.0,0.0,Mobile Money
V00143,20250411,2025-04-11,CL009,PR007,COM008,VIL003,40,1810.0,70156.0,46124.0,24032.0,70156.0,0.0,Virement
V01491,20250411,2025-04-11,CL010,PR003,COM001,VIL004,5,17830.0,81840.0,58706.0,23134.0,53196.0,28644.0,Crédit
V00281,20250411,2025-04-11,CL001,PR002,COM007,VIL001,8,15590.0,171739.0,131201.0,40538.0,60109.0,111630.0,Crédit
V00111,20250412,2025-04-12,CL016,PR009,COM001,VIL006,3,2230.0,5323.0,3556.0,1767.0,5323.0,0.0,Espèces
V00413,20250412,2025-04-12,CL001,PR004,COM001,VIL001,5,7370.0,50742.0,37730.0,13012.0,40594.0,10148.0,Crédit
V00950,20250412,2025-04-12,CL004,PR003,COM002,VIL001,3,17420.0,71962.0,53910.0,18052.0,25187.0,46775.0,Crédit
V01192,20250412,2025-04-12,CL013,PR006,COM005,VIL005,10,750.0,6120.0,3998.0,2122.0,6120.0,0.0,Virement
V00039,20250412,2025-04-12,CL015,PR005,COM007,VIL006,2,1730.0,2753.0,2021.0,732.0,2753.0,0.0,Espèces
V00314,20250413,2025-04-13,CL010,PR004,COM005,VIL004,6,7430.0,40924.0,30790.0,10134.0,40924.0,0.0,Mobile Money
V01028,20250413,2025-04-13,CL019,PR007,COM003,VIL008,8,1820.0,8168.0,5430.0,2738.0,7760.0,408.0,Mobile Money
V00152,20250413,2025-04-13,CL001,PR004,COM008,VIL001,6,7450.0,61552.0,45193.0,16359.0,61552.0,0.0,Mobile Money
V00399,20250413,2025-04-13,CL015,PR001,COM007,VIL006,8,17950.0,114248.0,89171.0,25077.0,114248.0,0.0,Mobile Money
V00534,20250414,2025-04-14,CL014,PR015,COM002,VIL005,2,1020.0,1665.0,1061.0,604.0,1665.0,0.0,Mobile Money
V00814,20250414,2025-04-14,CL002,PR007,COM004,VIL001,1,1710.0,2355.0,1639.0,716.0,2355.0,0.0,Crédit
V00573,20250414,2025-04-14,CL009,PR011,COM002,VIL003,3,1160.0,3372.0,2413.0,959.0,3372.0,0.0,Espèces
V01209,20250414,2025-04-14,CL015,PR004,COM005,VIL006,5,7220.0,28721.0,21919.0,6802.0,28721.0,0.0,Mobile Money
V01382,20250414,2025-04-14,CL005,PR002,COM008,VIL002,4,14600.0,65525.0,53497.0,12028.0,65525.0,0.0,Mobile Money
V01410,20250414,2025-04-14,CL007,PR005,COM005,VIL002,2,1670.0,3747.0,2827.0,920.0,3747.0,0.0,Mobile Money
V00299,20250414,2025-04-14,CL010,PR009,COM004,VIL004,5,2240.0,10282.0,6472.0,3810.0,10282.0,0.0,Mobile Money
V00450,20250415,2025-04-15,CL007,PR008,COM003,VIL002,12,890.0,11983.0,8482.0,3501.0,11983.0,0.0,Espèces
V00855,20250416,2025-04-16,CL007,PR008,COM007,VIL002,6,900.0,6059.0,3905.0,2154.0,6059.0,0.0,Mobile Money
V00495,20250416,2025-04-16,CL016,PR014,COM006,VIL006,2,1540.0,2450.0,1543.0,907.0,2450.0,0.0,Mobile Money
V00096,20250416,2025-04-16,CL004,PR012,COM001,VIL001,1,2890.0,3980.0,2740.0,1240.0,3980.0,0.0,Crédit
V01230,20250416,2025-04-16,CL010,PR001,COM004,VIL004,3,17970.0,49489.0,38308.0,11181.0,49489.0,0.0,Mobile Money
V01483,20250416,2025-04-16,CL017,PR013,COM008,VIL007,12,2580.0,23684.0,15606.0,8078.0,23684.0,0.0,Virement
V00660,20250416,2025-04-16,CL007,PR008,COM008,VIL002,1,900.0,1010.0,684.0,326.0,1010.0,0.0,Crédit
V00841,20250416,2025-04-16,CL009,PR014,COM003,VIL003,8,1470.0,11395.0,7752.0,3643.0,11395.0,0.0,Espèces
V00481,20250416,2025-04-16,CL014,PR012,COM008,VIL005,5,2760.0,11261.0,7670.0,3591.0,11261.0,0.0,Mobile Money
V00342,20250417,2025-04-17,CL002,PR005,COM001,VIL001,12,1640.0,27099.0,21151.0,5948.0,21679.0,5420.0,Crédit
V01114,20250417,2025-04-17,CL012,PR015,COM003,VIL004,5,980.0,4498.0,2984.0,1514.0,4273.0,225.0,Espèces
V00271,20250418,2025-04-18,CL007,PR003,COM003,VIL002,25,17340.0,486387.0,361565.0,124822.0,486387.0,0.0,Espèces
V00796,20250418,2025-04-18,CL017,PR005,COM007,VIL007,8,1730.0,10588.0,7589.0,2999.0,10588.0,0.0,Virement
V00154,20250418,2025-04-18,CL012,PR012,COM002,VIL004,2,2920.0,5361.0,3507.0,1854.0,3485.0,1876.0,Crédit
V01451,20250418,2025-04-18,CL001,PR013,COM004,VIL001,15,2410.0,49779.0,36766.0,13013.0,49779.0,0.0,Mobile Money
V01338,20250419,2025-04-19,CL018,PR005,COM001,VIL007,1,1720.0,1316.0,972.0,344.0,658.0,658.0,Crédit
V00638,20250419,2025-04-19,CL001,PR008,COM006,VIL001,3,880.0,3635.0,2479.0,1156.0,2908.0,727.0,Crédit
V00419,20250419,2025-04-19,CL010,PR002,COM007,VIL004,1,15680.0,14394.0,10741.0,3653.0,11515.0,2879.0,Crédit
V01239,20250419,2025-04-19,CL010,PR012,COM002,VIL004,6,2790.0,15367.0,10575.0,4792.0,15367.0,0.0,Espèces
V00928,20250420,2025-04-20,CL008,PR003,COM002,VIL003,12,16700.0,194188.0,157443.0,36745.0,194188.0,0.0,Mobile Money
V00442,20250420,2025-04-20,CL006,PR001,COM004,VIL002,2,18420.0,41334.0,30563.0,10771.0,26867.0,14467.0,Crédit
V00353,20250420,2025-04-20,CL010,PR002,COM001,VIL004,1,15270.0,14018.0,11181.0,2837.0,14018.0,0.0,Virement
V00971,20250420,2025-04-20,CL018,PR008,COM005,VIL007,25,890.0,17021.0,11858.0,5163.0,16170.0,851.0,Mobile Money
V01316,20250420,2025-04-20,CL002,PR005,COM001,VIL001,6,1650.0,13632.0,10080.0,3552.0,13632.0,0.0,Mobile Money
V01403,20250420,2025-04-20,CL018,PR006,COM001,VIL007,1,740.0,566.0,360.0,206.0,368.0,198.0,Crédit
V01400,20250420,2025-04-20,CL005,PR010,COM008,VIL002,10,3230.0,36241.0,25918.0,10323.0,36241.0,0.0,Mobile Money
V00263,20250420,2025-04-20,CL001,PR012,COM001,VIL001,1,2790.0,3842.0,2616.0,1226.0,3842.0,0.0,Mobile Money
V00802,20250421,2025-04-21,CL003,PR009,COM008,VIL001,3,2220.0,9171.0,6196.0,2975.0,9171.0,0.0,Virement
V00190,20250421,2025-04-21,CL002,PR013,COM006,VIL001,3,2520.0,10410.0,7064.0,3346.0,10410.0,0.0,Espèces
V00136,20250421,2025-04-21,CL011,PR001,COM007,VIL004,10,18590.0,170656.0,122920.0,47736.0,170656.0,0.0,Espèces
V01367,20250421,2025-04-21,CL007,PR003,COM006,VIL002,5,17350.0,97334.0,73491.0,23843.0,97334.0,0.0,Espèces
V01476,20250421,2025-04-21,CL010,PR005,COM005,VIL004,8,1640.0,12044.0,8813.0,3231.0,12044.0,0.0,Mobile Money
V00307,20250421,2025-04-21,CL001,PR005,COM004,VIL001,1,1750.0,2410.0,1694.0,716.0,1566.0,844.0,Crédit
V00226,20250422,2025-04-22,CL016,PR012,COM004,VIL006,12,2780.0,26541.0,18235.0,8306.0,21233.0,5308.0,Crédit
V01391,20250422,2025-04-22,CL003,PR003,COM006,VIL001,3,17990.0,74317.0,53579.0,20738.0,74317.0,0.0,Virement
V01105,20250422,2025-04-22,CL016,PR002,COM005,VIL006,20,15650.0,249023.0,195240.0,53783.0,249023.0,0.0,Crédit
V01155,20250422,2025-04-22,CL018,PR004,COM002,VIL007,6,7480.0,34333.0,25750.0,8583.0,34333.0,0.0,Espèces
V00952,20250422,2025-04-22,CL018,PR004,COM006,VIL007,25,7570.0,144776.0,107674.0,37102.0,144776.0,0.0,Crédit
V01186,20250423,2025-04-23,CL010,PR009,COM004,VIL004,12,2310.0,25447.0,15973.0,9474.0,20358.0,5089.0,Crédit
V00239,20250423,2025-04-23,CL001,PR014,COM003,VIL001,4,1580.0,8703.0,5343.0,3360.0,6962.0,1741.0,Crédit
V00400,20250424,2025-04-24,CL007,PR011,COM005,VIL002,8,1200.0,10771.0,7360.0,3411.0,10771.0,0.0,Virement
V00526,20250424,2025-04-24,CL010,PR004,COM001,VIL004,5,7530.0,34563.0,25199.0,9364.0,22466.0,12097.0,Crédit
V00333,20250424,2025-04-24,CL012,PR004,COM004,VIL004,1,7700.0,7069.0,5233.0,1836.0,4595.0,2474.0,Crédit
V01060,20250424,2025-04-24,CL012,PR009,COM002,VIL004,12,2150.0,23684.0,16083.0,7601.0,23684.0,0.0,Mobile Money
V00748,20250425,2025-04-25,CL004,PR015,COM008,VIL001,15,1010.0,20862.0,13426.0,7436.0,20862.0,0.0,Virement
V01462,20250425,2025-04-25,CL009,PR006,COM005,VIL003,4,750.0,2907.0,1822.0,1085.0,1017.0,1890.0,Crédit
V00749,20250425,2025-04-25,CL004,PR014,COM008,VIL001,3,1510.0,6238.0,4048.0,2190.0,6238.0,0.0,Crédit
V01034,20250425,2025-04-25,CL004,PR005,COM004,VIL001,6,1660.0,13715.0,10162.0,3553.0,13715.0,0.0,Virement
V00447,20250425,2025-04-25,CL004,PR005,COM003,VIL001,8,1630.0,17956.0,13660.0,4296.0,11671.0,6285.0,Crédit
V01014,20250425,2025-04-25,CL016,PR008,COM007,VIL006,1,850.0,676.0,493.0,183.0,676.0,0.0,Espèces
V00088,20250425,2025-04-25,CL002,PR003,COM003,VIL001,5,17010.0,117114.0,89574.0,27540.0,117114.0,0.0,Mobile Money
V00988,20250426,2025-04-26,CL002,PR002,COM007,VIL001,5,15320.0,105478.0,82000.0,23478.0,105478.0,0.0,Crédit
V00309,20250426,2025-04-26,CL002,PR001,COM004,VIL001,6,17870.0,147642.0,116246.0,31396.0,147642.0,0.0,Virement
V01177,20250426,2025-04-26,CL020,PR005,COM005,VIL008,6,1780.0,5991.0,4208.0,1783.0,5991.0,0.0,Crédit
V00368,20250426,2025-04-26,CL016,PR005,COM003,VIL006,8,1750.0,11138.0,7892.0,3246.0,8910.0,2228.0,Crédit
V00338,20250426,2025-04-26,CL007,PR001,COM001,VIL002,15,17570.0,295703.0,239323.0,56380.0,295703.0,0.0,Espèces
V00799,20250426,2025-04-26,CL005,PR001,COM002,VIL002,4,18160.0,81502.0,62518.0,18984.0,81502.0,0.0,Espèces
V00968,20250426,2025-04-26,CL014,PR004,COM003,VIL005,2,7420.0,12109.0,9090.0,3019.0,12109.0,0.0,Mobile Money
V00554,20250427,2025-04-27,CL019,PR011,COM008,VIL008,5,1190.0,3338.0,2300.0,1038.0,2170.0,1168.0,Crédit
V00525,20250427,2025-04-27,CL002,PR005,COM007,VIL001,5,1710.0,11773.0,8882.0,2891.0,7652.0,4121.0,Crédit
V01435,20250427,2025-04-27,CL017,PR009,COM007,VIL007,6,2230.0,10236.0,6701.0,3535.0,10236.0,0.0,Espèces
V00403,20250427,2025-04-27,CL015,PR003,COM005,VIL006,5,17350.0,69018.0,53305.0,15713.0,65567.0,3451.0,Mobile Money
V01439,20250427,2025-04-27,CL019,PR006,COM008,VIL008,3,770.0,1296.0,774.0,522.0,1296.0,0.0,Mobile Money
V01404,20250428,2025-04-28,CL013,PR015,COM007,VIL005,3,970.0,2375.0,1591.0,784.0,1188.0,1187.0,Crédit
V00167,20250428,2025-04-28,CL016,PR012,COM003,VIL006,2,2800.0,4455.0,3198.0,1257.0,4455.0,0.0,Virement
V00607,20250428,2025-04-28,CL016,PR005,COM007,VIL006,2,1810.0,2880.0,2005.0,875.0,2880.0,0.0,Espèces
V00321,20250428,2025-04-28,CL007,PR002,COM005,VIL002,1,15590.0,17492.0,13284.0,4208.0,17492.0,0.0,Mobile Money
V00595,20250428,2025-04-28,CL004,PR004,COM004,VIL001,1,7770.0,10699.0,7629.0,3070.0,8559.0,2140.0,Crédit
V01249,20250429,2025-04-29,CL009,PR014,COM008,VIL003,2,1500.0,2907.0,1899.0,1008.0,2907.0,0.0,Mobile Money
V01388,20250429,2025-04-29,CL002,PR001,COM002,VIL001,2,18260.0,50288.0,38363.0,11925.0,40230.0,10058.0,Crédit
V00066,20250429,2025-04-29,CL010,PR009,COM003,VIL004,5,2200.0,10098.0,6793.0,3305.0,10098.0,0.0,Virement
V01095,20250430,2025-04-30,CL007,PR015,COM007,VIL002,3,1000.0,3366.0,2188.0,1178.0,3366.0,0.0,Virement
V00646,20250430,2025-04-30,CL009,PR008,COM007,VIL003,10,880.0,8527.0,6008.0,2519.0,8527.0,0.0,Espèces
V00632,20250430,2025-04-30,CL020,PR009,COM004,VIL008,30,2220.0,37363.0,24908.0,12455.0,37363.0,0.0,Mobile Money
V00254,20250501,2025-05-01,CL008,PR006,COM007,VIL003,5,730.0,3572.0,2299.0,1273.0,1250.0,2322.0,Crédit
V00077,20250501,2025-05-01,CL011,PR002,COM001,VIL004,4,15760.0,58438.0,42568.0,15870.0,58438.0,0.0,Virement
V01145,20250501,2025-05-01,CL010,PR002,COM005,VIL004,5,15920.0,73789.0,55110.0,18679.0,73789.0,0.0,Espèces
V00738,20250502,2025-05-02,CL006,PR008,COM007,VIL002,10,910.0,10310.0,7138.0,3172.0,10310.0,0.0,Virement
V01069,20250502,2025-05-02,CL008,PR012,COM003,VIL003,20,2780.0,54405.0,38357.0,16048.0,27202.0,27203.0,Crédit
V00487,20250502,2025-05-02,CL017,PR006,COM008,VIL007,8,760.0,4697.0,3028.0,1669.0,4697.0,0.0,Mobile Money
V01494,20250502,2025-05-02,CL018,PR004,COM006,VIL007,2,7440.0,11495.0,8667.0,2828.0,11495.0,0.0,Espèces
V01030,20250502,2025-05-02,CL012,PR007,COM001,VIL004,20,1840.0,34114.0,22433.0,11681.0,34114.0,0.0,Espèces
V00294,20250502,2025-05-02,CL006,PR005,COM003,VIL002,5,1620.0,9177.0,7138.0,2039.0,5965.0,3212.0,Crédit
V00371,20250503,2025-05-03,CL001,PR015,COM002,VIL001,20,990.0,27532.0,18076.0,9456.0,27532.0,0.0,Espèces
V00169,20250503,2025-05-03,CL011,PR013,COM006,VIL004,1,2380.0,2206.0,1604.0,602.0,2206.0,0.0,Mobile Money
V00199,20250504,2025-05-04,CL008,PR015,COM003,VIL003,2,960.0,1879.0,1331.0,548.0,1879.0,0.0,Espèces
V01142,20250504,2025-05-04,CL010,PR013,COM003,VIL004,5,2590.0,12005.0,8019.0,3986.0,7803.0,4202.0,Crédit
V01176,20250504,2025-05-04,CL012,PR006,COM003,VIL004,6,770.0,4283.0,2614.0,1669.0,2784.0,1499.0,Crédit
V00627,20250504,2025-05-04,CL007,PR012,COM002,VIL002,15,2750.0,46736.0,33480.0,13256.0,46736.0,0.0,Espèces
V01160,20250505,2025-05-05,CL004,PR001,COM006,VIL001,3,17320.0,72250.0,58693.0,13557.0,72250.0,0.0,Crédit
V01330,20250505,2025-05-05,CL003,PR014,COM004,VIL001,20,1390.0,38656.0,26420.0,12236.0,38656.0,0.0,Virement
V00197,20250506,2025-05-06,CL010,PR004,COM001,VIL004,6,7400.0,41159.0,31870.0,9289.0,41159.0,0.0,Espèces
V00991,20250506,2025-05-06,CL007,PR012,COM004,VIL002,30,2970.0,100950.0,66280.0,34670.0,100950.0,0.0,Espèces
V01357,20250506,2025-05-06,CL012,PR015,COM004,VIL004,25,1010.0,23407.0,14832.0,8575.0,23407.0,0.0,Mobile Money
V01372,20250506,2025-05-06,CL020,PR003,COM004,VIL008,2,17260.0,19556.0,15307.0,4249.0,15645.0,3911.0,Crédit
V01236,20250507,2025-05-07,CL003,PR001,COM005,VIL001,2,18210.0,50642.0,39435.0,11207.0,50642.0,0.0,Espèces
V00268,20250507,2025-05-07,CL010,PR011,COM001,VIL004,10,1150.0,10660.0,7416.0,3244.0,10660.0,0.0,Virement
V01383,20250507,2025-05-07,CL012,PR006,COM007,VIL004,3,740.0,2058.0,1390.0,668.0,1338.0,720.0,Crédit
V00139,20250507,2025-05-07,CL004,PR008,COM005,VIL001,10,900.0,12514.0,8760.0,3754.0,12514.0,0.0,Virement
V01407,20250507,2025-05-07,CL013,PR004,COM004,VIL005,20,7480.0,123270.0,92288.0,30982.0,123270.0,0.0,Espèces
V01312,20250508,2025-05-08,CL006,PR013,COM006,VIL002,12,2550.0,34670.0,24609.0,10061.0,34670.0,0.0,Mobile Money
V00979,20250509,2025-05-09,CL002,PR009,COM001,VIL001,5,2220.0,15435.0,10429.0,5006.0,12348.0,3087.0,Crédit
V01363,20250509,2025-05-09,CL017,PR008,COM005,VIL007,8,920.0,5686.0,3832.0,1854.0,5686.0,0.0,Espèces
V00044,20250510,2025-05-10,CL012,PR008,COM005,VIL004,5,880.0,4079.0,2827.0,1252.0,4079.0,0.0,Virement
V00521,20250511,2025-05-11,CL007,PR013,COM008,VIL002,5,2560.0,14502.0,10027.0,4475.0,14502.0,0.0,Espèces
V00998,20250512,2025-05-12,CL018,PR013,COM004,VIL007,5,2600.0,10042.0,6837.0,3205.0,10042.0,0.0,Espèces
V00765,20250512,2025-05-12,CL003,PR007,COM007,VIL001,1,1760.0,2447.0,1669.0,778.0,2447.0,0.0,Espèces
V00301,20250513,2025-05-13,CL002,PR010,COM005,VIL001,25,3130.0,108807.0,80301.0,28506.0,108807.0,0.0,Espèces
V00746,20250513,2025-05-13,CL017,PR015,COM002,VIL007,10,1030.0,7957.0,5021.0,2936.0,5172.0,2785.0,Crédit
V00053,20250513,2025-05-13,CL011,PR012,COM001,VIL004,8,2790.0,20691.0,14461.0,6230.0,20691.0,0.0,Crédit
V00194,20250513,2025-05-13,CL008,PR003,COM007,VIL003,8,18110.0,141765.0,100590.0,41175.0,141765.0,0.0,Mobile Money
V01138,20250514,2025-05-14,CL015,PR004,COM004,VIL006,15,7420.0,89418.0,65557.0,23861.0,89418.0,0.0,Espèces
V01360,20250514,2025-05-14,CL009,PR015,COM006,VIL003,10,1040.0,10176.0,6458.0,3718.0,10176.0,0.0,Virement
V00201,20250514,2025-05-14,CL006,PR014,COM008,VIL002,10,1500.0,16995.0,10537.0,6458.0,16995.0,0.0,Virement
V00630,20250514,2025-05-14,CL007,PR013,COM005,VIL002,2,2520.0,5710.0,3988.0,1722.0,5710.0,0.0,Mobile Money
V01052,20250514,2025-05-14,CL007,PR006,COM003,VIL002,8,780.0,7070.0,4351.0,2719.0,6716.0,354.0,Espèces
V00063,20250514,2025-05-14,CL005,PR006,COM001,VIL002,3,740.0,2515.0,1666.0,849.0,1635.0,880.0,Crédit
V00628,20250515,2025-05-15,CL013,PR004,COM005,VIL005,8,7320.0,48253.0,36520.0,11733.0,48253.0,0.0,Mobile Money
V01271,20250515,2025-05-15,CL014,PR012,COM003,VIL005,40,2770.0,91299.0,65261.0,26038.0,73039.0,18260.0,Crédit
V00393,20250515,2025-05-15,CL018,PR012,COM001,VIL007,30,2830.0,65585.0,44728.0,20857.0,65585.0,0.0,Virement
V01151,20250516,2025-05-16,CL018,PR005,COM008,VIL007,3,1630.0,3778.0,2897.0,881.0,2456.0,1322.0,Crédit
V00068,20250516,2025-05-16,CL013,PR011,COM006,VIL005,2,1220.0,2011.0,1368.0,643.0,1006.0,1005.0,Crédit
V00909,20250516,2025-05-16,CL010,PR003,COM005,VIL004,6,17260.0,96000.0,72751.0,23249.0,62400.0,33600.0,Crédit
V01044,20250516,2025-05-16,CL008,PR002,COM007,VIL003,20,15940.0,311946.0,235623.0,76323.0,202765.0,109181.0,Crédit
V00332,20250516,2025-05-16,CL020,PR013,COM001,VIL008,3,2350.0,3994.0,2923.0,1071.0,3195.0,799.0,Crédit
V00022,20250516,2025-05-16,CL015,PR002,COM006,VIL006,10,15200.0,122117.0,95364.0,26753.0,122117.0,0.0,Espèces
V00374,20250517,2025-05-17,CL019,PR008,COM005,VIL008,2,860.0,974.0,714.0,260.0,974.0,0.0,Espèces
V00498,20250517,2025-05-17,CL020,PR008,COM007,VIL008,10,880.0,4985.0,3569.0,1416.0,4985.0,0.0,Mobile Money
V01268,20250517,2025-05-17,CL020,PR014,COM003,VIL008,12,1510.0,10265.0,6934.0,3331.0,10265.0,0.0,Mobile Money
V00576,20250517,2025-05-17,CL009,PR011,COM004,VIL003,4,1190.0,4658.0,3170.0,1488.0,4658.0,0.0,Espèces
V00913,20250518,2025-05-18,CL019,PR003,COM005,VIL008,15,17390.0,147772.0,109108.0,38664.0,147772.0,0.0,Mobile Money
V00770,20250518,2025-05-18,CL020,PR006,COM005,VIL008,8,750.0,3399.0,2130.0,1269.0,2719.0,680.0,Crédit
V00634,20250519,2025-05-19,CL008,PR012,COM001,VIL003,4,2810.0,10998.0,7750.0,3248.0,8798.0,2200.0,Crédit
V00379,20250519,2025-05-19,CL015,PR013,COM006,VIL006,5,2440.0,9801.0,7110.0,2691.0,9801.0,0.0,Espèces
V01285,20250520,2025-05-20,CL019,PR002,COM005,VIL008,20,15770.0,178674.0,133921.0,44753.0,178674.0,0.0,Mobile Money
V00758,20250520,2025-05-20,CL014,PR009,COM003,VIL005,3,2240.0,5537.0,3634.0,1903.0,5537.0,0.0,Espèces
V00188,20250520,2025-05-20,CL009,PR007,COM003,VIL003,15,1820.0,26713.0,17907.0,8806.0,26713.0,0.0,Virement
V01468,20250521,2025-05-21,CL005,PR015,COM005,VIL002,8,1010.0,9155.0,5710.0,3445.0,8697.0,458.0,Mobile Money
V01159,20250521,2025-05-21,CL014,PR003,COM005,VIL005,5,17630.0,72636.0,55661.0,16975.0,72636.0,0.0,Espèces
V01017,20250521,2025-05-21,CL014,PR005,COM005,VIL005,3,1790.0,4425.0,3263.0,1162.0,4204.0,221.0,Mobile Money
V00614,20250521,2025-05-21,CL019,PR002,COM001,VIL008,20,15470.0,175275.0,134714.0,40561.0,175275.0,0.0,Espèces
V01385,20250522,2025-05-22,CL008,PR006,COM002,VIL003,15,740.0,10861.0,7192.0,3669.0,10861.0,0.0,Espèces
V01066,20250522,2025-05-22,CL009,PR006,COM006,VIL003,12,740.0,8689.0,5636.0,3053.0,8689.0,0.0,Virement
V00094,20250522,2025-05-22,CL001,PR004,COM006,VIL001,30,7310.0,304937.0,225261.0,79676.0,304937.0,0.0,Virement
V01173,20250523,2025-05-23,CL018,PR008,COM008,VIL007,40,870.0,26883.0,18849.0,8034.0,26883.0,0.0,Crédit
V00809,20250523,2025-05-23,CL007,PR008,COM001,VIL002,25,880.0,24926.0,17278.0,7648.0,16202.0,8724.0,Crédit
V01094,20250524,2025-05-24,CL002,PR007,COM006,VIL001,2,1800.0,5006.0,3254.0,1752.0,5006.0,0.0,Mobile Money
V01478,20250524,2025-05-24,CL018,PR006,COM002,VIL007,3,760.0,1761.0,1159.0,602.0,1761.0,0.0,Mobile Money
V00552,20250524,2025-05-24,CL007,PR008,COM002,VIL002,6,900.0,6118.0,4215.0,1903.0,6118.0,0.0,Mobile Money
V01283,20250524,2025-05-24,CL016,PR003,COM008,VIL006,6,17170.0,82766.0,64111.0,18655.0,82766.0,0.0,Espèces
V01352,20250524,2025-05-24,CL008,PR009,COM005,VIL003,1,2250.0,2202.0,1458.0,744.0,1431.0,771.0,Crédit
V01320,20250525,2025-05-25,CL015,PR001,COM005,VIL006,4,18330.0,58905.0,44830.0,14075.0,58905.0,0.0,Virement
V01168,20250526,2025-05-26,CL020,PR003,COM007,VIL008,4,17430.0,39496.0,30478.0,9018.0,13824.0,25672.0,Crédit
V00440,20250526,2025-05-26,CL005,PR013,COM003,VIL002,6,2460.0,16723.0,11897.0,4826.0,16723.0,0.0,Mobile Money
V01302,20250527,2025-05-27,CL009,PR010,COM004,VIL003,10,3240.0,31703.0,23190.0,8513.0,31703.0,0.0,Espèces
V00027,20250527,2025-05-27,CL007,PR002,COM001,VIL002,3,15570.0,52922.0,39938.0,12984.0,50276.0,2646.0,Espèces
V00957,20250527,2025-05-27,CL017,PR008,COM002,VIL007,40,870.0,26883.0,19158.0,7725.0,21506.0,5377.0,Crédit
V00942,20250528,2025-05-28,CL001,PR005,COM005,VIL001,2,1700.0,4728.0,3365.0,1363.0,4728.0,0.0,Espèces
V00585,20250528,2025-05-28,CL003,PR012,COM005,VIL001,20,2820.0,78424.0,52005.0,26419.0,78424.0,0.0,Crédit
V00687,20250529,2025-05-29,CL007,PR002,COM007,VIL002,4,15150.0,68660.0,53206.0,15454.0,44629.0,24031.0,Crédit
V01340,20250529,2025-05-29,CL020,PR008,COM006,VIL008,12,900.0,6118.0,4215.0,1903.0,6118.0,0.0,Virement
V00164,20250529,2025-05-29,CL012,PR005,COM004,VIL004,10,1640.0,15203.0,11309.0,3894.0,15203.0,0.0,Crédit
V01131,20250529,2025-05-29,CL019,PR001,COM004,VIL008,10,18600.0,105369.0,79253.0,26116.0,100101.0,5268.0,Espèces
V00373,20250530,2025-05-30,CL013,PR005,COM001,VIL005,15,1750.0,21630.0,15450.0,6180.0,21630.0,0.0,Crédit
V00163,20250530,2025-05-30,CL004,PR003,COM002,VIL001,2,17390.0,48362.0,35124.0,13238.0,48362.0,0.0,Espèces
V01495,20250530,2025-05-30,CL016,PR005,COM002,VIL006,3,1720.0,4146.0,2965.0,1181.0,3317.0,829.0,Crédit
V00065,20250530,2025-05-30,CL012,PR011,COM008,VIL004,4,1130.0,4190.0,3078.0,1112.0,2095.0,2095.0,Crédit
V00962,20250530,2025-05-30,CL005,PR013,COM001,VIL002,2,2430.0,5506.0,3988.0,1518.0,5506.0,0.0,Virement
V00144,20250530,2025-05-30,CL012,PR009,COM001,VIL004,1,2180.0,2021.0,1363.0,658.0,1010.0,1011.0,Crédit
V00496,20250531,2025-05-31,CL001,PR008,COM002,VIL001,12,880.0,14684.0,10345.0,4339.0,5139.0,9545.0,Crédit
V01252,20250531,2025-05-31,CL002,PR006,COM002,VIL001,2,760.0,2114.0,1363.0,751.0,740.0,1374.0,Crédit
V00960,20250531,2025-05-31,CL002,PR004,COM008,VIL001,4,7870.0,43773.0,31648.0,12125.0,28452.0,15321.0,Crédit
V00907,20250531,2025-05-31,CL008,PR011,COM006,VIL003,12,1160.0,13621.0,9628.0,3993.0,10897.0,2724.0,Crédit
V01043,20250601,2025-06-01,CL020,PR012,COM003,VIL008,2,2740.0,3165.0,2229.0,936.0,3165.0,0.0,Espèces
V01191,20250601,2025-06-01,CL015,PR007,COM003,VIL006,2,1810.0,2965.0,1933.0,1032.0,1927.0,1038.0,Crédit
V00572,20250601,2025-06-01,CL013,PR013,COM005,VIL005,2,2600.0,4368.0,2974.0,1394.0,4368.0,0.0,Crédit
V01309,20250601,2025-06-01,CL016,PR013,COM004,VIL006,25,2420.0,49550.0,36036.0,13514.0,49550.0,0.0,Virement
V00248,20250601,2025-06-01,CL008,PR002,COM003,VIL003,12,15600.0,186732.0,143042.0,43690.0,186732.0,0.0,Espèces
V01485,20250601,2025-06-01,CL015,PR008,COM002,VIL006,15,940.0,11548.0,7617.0,3931.0,11548.0,0.0,Espèces
V01225,20250602,2025-06-02,CL016,PR012,COM002,VIL006,3,2680.0,6585.0,4865.0,1720.0,5268.0,1317.0,Crédit
V00275,20250602,2025-06-02,CL016,PR004,COM003,VIL006,10,7260.0,59459.0,45946.0,13513.0,47567.0,11892.0,Crédit
V01079,20250602,2025-06-02,CL020,PR004,COM004,VIL008,2,7420.0,8570.0,6572.0,1998.0,5570.0,3000.0,Crédit
V00929,20250602,2025-06-02,CL016,PR010,COM001,VIL006,2,3160.0,5176.0,3915.0,1261.0,4141.0,1035.0,Crédit
V01480,20250602,2025-06-02,CL010,PR009,COM005,VIL004,30,2240.0,63504.0,41958.0,21546.0,31752.0,31752.0,Crédit
V00165,20250602,2025-06-02,CL011,PR002,COM003,VIL004,6,15590.0,88395.0,64468.0,23927.0,88395.0,0.0,Espèces
V00425,20250602,2025-06-02,CL008,PR010,COM003,VIL003,2,3060.0,6105.0,4828.0,1277.0,4884.0,1221.0,Crédit
V00972,20250602,2025-06-02,CL002,PR014,COM004,VIL001,2,1520.0,4309.0,2807.0,1502.0,4309.0,0.0,Virement
V00624,20250602,2025-06-02,CL013,PR007,COM006,VIL005,12,1770.0,17842.0,11693.0,6149.0,17842.0,0.0,Virement
V00732,20250602,2025-06-02,CL002,PR013,COM004,VIL001,20,2580.0,73143.0,49046.0,24097.0,25600.0,47543.0,Crédit
V00464,20250602,2025-06-02,CL017,PR001,COM002,VIL007,3,17720.0,41864.0,33595.0,8269.0,41864.0,0.0,Espèces
V01185,20250603,2025-06-03,CL011,PR001,COM005,VIL004,20,17710.0,334719.0,263088.0,71631.0,334719.0,0.0,Mobile Money
V01374,20250603,2025-06-03,CL005,PR013,COM003,VIL002,2,2530.0,5844.0,3996.0,1848.0,5844.0,0.0,Virement
V01059,20250604,2025-06-04,CL001,PR004,COM005,VIL001,4,7640.0,43319.0,32659.0,10660.0,15162.0,28157.0,Crédit
V00777,20250604,2025-06-04,CL005,PR008,COM002,VIL002,10,910.0,10510.0,7046.0,3464.0,9984.0,526.0,Virement
V00500,20250605,2025-06-05,CL006,PR007,COM004,VIL002,15,1720.0,29799.0,20444.0,9355.0,19369.0,10430.0,Crédit
V01333,20250605,2025-06-05,CL007,PR013,COM007,VIL002,1,2530.0,2922.0,2033.0,889.0,2922.0,0.0,Espèces
V01437,20250605,2025-06-05,CL016,PR010,COM002,VIL006,12,3120.0,30663.0,23292.0,7371.0,19931.0,10732.0,Crédit
V00547,20250606,2025-06-06,CL010,PR007,COM007,VIL004,5,1810.0,8552.0,5717.0,2835.0,2993.0,5559.0,Crédit
V00954,20250606,2025-06-06,CL010,PR007,COM007,VIL004,10,1740.0,16443.0,11529.0,4914.0,16443.0,0.0,Espèces
V00994,20250607,2025-06-07,CL013,PR005,COM002,VIL005,4,1720.0,5779.0,4200.0,1579.0,2023.0,3756.0,Crédit
V01153,20250607,2025-06-07,CL020,PR014,COM001,VIL008,5,1470.0,4245.0,2859.0,1386.0,4245.0,0.0,Crédit
V00473,20250607,2025-06-07,CL014,PR012,COM007,VIL005,6,2710.0,13658.0,9778.0,3880.0,4780.0,8878.0,Crédit
V01496,20250607,2025-06-07,CL013,PR010,COM002,VIL005,4,3260.0,10954.0,7896.0,3058.0,10954.0,0.0,Espèces
V00795,20250607,2025-06-07,CL015,PR014,COM008,VIL006,6,1510.0,7420.0,4816.0,2604.0,7420.0,0.0,Virement
V00238,20250607,2025-06-07,CL002,PR015,COM003,VIL001,3,980.0,4167.0,2764.0,1403.0,3334.0,833.0,Crédit
V00621,20250608,2025-06-08,CL016,PR015,COM007,VIL006,8,1040.0,6814.0,4324.0,2490.0,5451.0,1363.0,Crédit
V00091,20250608,2025-06-08,CL015,PR006,COM006,VIL006,15,740.0,9091.0,6020.0,3071.0,9091.0,0.0,Mobile Money
V00354,20250608,2025-06-08,CL004,PR011,COM001,VIL001,4,1200.0,6804.0,4649.0,2155.0,3402.0,3402.0,Crédit
V00005,20250608,2025-06-08,CL012,PR011,COM001,VIL004,2,1210.0,2287.0,1531.0,756.0,1830.0,457.0,Crédit
V01444,20250608,2025-06-08,CL004,PR007,COM006,VIL001,20,1770.0,50180.0,34020.0,16160.0,50180.0,0.0,Mobile Money
V00407,20250608,2025-06-08,CL006,PR006,COM003,VIL002,5,760.0,4389.0,2772.0,1617.0,4389.0,0.0,Crédit
V00633,20250608,2025-06-08,CL011,PR001,COM004,VIL004,6,17760.0,100699.0,79664.0,21035.0,100699.0,0.0,Virement
V00435,20250608,2025-06-08,CL003,PR004,COM004,VIL001,1,7420.0,10518.0,8292.0,2226.0,6837.0,3681.0,Crédit
V01100,20250608,2025-06-08,CL008,PR006,COM007,VIL003,20,780.0,15561.0,9376.0,6185.0,12449.0,3112.0,Crédit
V00155,20250608,2025-06-08,CL004,PR002,COM001,VIL001,2,15100.0,42808.0,33736.0,9072.0,34246.0,8562.0,Crédit
V00756,20250609,2025-06-09,CL014,PR005,COM003,VIL005,4,1600.0,5376.0,4301.0,1075.0,5376.0,0.0,Espèces
V01039,20250609,2025-06-09,CL011,PR005,COM007,VIL004,4,1770.0,6691.0,4725.0,1966.0,3346.0,3345.0,Crédit
V00082,20250609,2025-06-09,CL005,PR013,COM008,VIL002,2,2660.0,6145.0,4227.0,1918.0,6145.0,0.0,Espèces
V00140,20250609,2025-06-09,CL006,PR008,COM008,VIL002,4,890.0,4112.0,2864.0,1248.0,4112.0,0.0,Virement
V00004,20250610,2025-06-10,CL007,PR015,COM007,VIL002,10,950.0,10972.0,7508.0,3464.0,5486.0,5486.0,Crédit
V00298,20250610,2025-06-10,CL004,PR014,COM001,VIL001,5,1490.0,10560.0,6804.0,3756.0,3696.0,6864.0,Crédit
V01220,20250610,2025-06-10,CL004,PR003,COM004,VIL001,8,17370.0,196976.0,148667.0,48309.0,68942.0,128034.0,Crédit
V00121,20250610,2025-06-10,CL006,PR010,COM005,VIL002,2,3180.0,7346.0,5452.0,1894.0,7346.0,0.0,Espèces
V01418,20250610,2025-06-10,CL019,PR003,COM002,VIL008,1,17010.0,9823.0,7750.0,2073.0,9823.0,0.0,Virement
V00935,20250611,2025-06-11,CL010,PR003,COM005,VIL004,5,17750.0,83869.0,62748.0,21121.0,83869.0,0.0,Mobile Money
V00800,20250611,2025-06-11,CL018,PR001,COM007,VIL007,3,18240.0,43092.0,33902.0,9190.0,43092.0,0.0,Espèces
V00285,20250611,2025-06-11,CL015,PR007,COM007,VIL006,2,1730.0,2834.0,1966.0,868.0,2834.0,0.0,Mobile Money
V00030,20250611,2025-06-11,CL019,PR014,COM005,VIL008,4,1530.0,3534.0,2241.0,1293.0,3534.0,0.0,Virement
V01293,20250611,2025-06-11,CL015,PR008,COM004,VIL006,1,950.0,778.0,532.0,246.0,778.0,0.0,Virement
V00689,20250612,2025-06-12,CL010,PR015,COM007,VIL004,6,1000.0,5670.0,3742.0,1928.0,5670.0,0.0,Espèces
V00923,20250612,2025-06-12,CL003,PR008,COM001,VIL001,4,890.0,5046.0,3459.0,1587.0,5046.0,0.0,Espèces
V00047,20250612,2025-06-12,CL014,PR011,COM005,VIL005,5,1200.0,5040.0,3402.0,1638.0,5040.0,0.0,Mobile Money
V01263,20250612,2025-06-12,CL008,PR005,COM002,VIL003,3,1730.0,5177.0,3681.0,1496.0,5177.0,0.0,Virement
V00186,20250612,2025-06-12,CL011,PR015,COM006,VIL004,2,960.0,1814.0,1247.0,567.0,1814.0,0.0,Espèces
V00869,20250612,2025-06-12,CL004,PR004,COM006,VIL001,8,7530.0,85390.0,63050.0,22340.0,85390.0,0.0,Mobile Money
V01319,20250613,2025-06-13,CL003,PR013,COM004,VIL001,15,2480.0,52731.0,37209.0,15522.0,52731.0,0.0,Espèces
V01184,20250613,2025-06-13,CL017,PR013,COM004,VIL007,5,2620.0,10316.0,6891.0,3425.0,10316.0,0.0,Mobile Money
V00883,20250613,2025-06-13,CL019,PR009,COM004,VIL008,10,2190.0,12647.0,8778.0,3869.0,12647.0,0.0,Espèces
V00219,20250613,2025-06-13,CL009,PR015,COM004,VIL003,3,1040.0,3112.0,1915.0,1197.0,3112.0,0.0,Mobile Money
V01092,20250613,2025-06-13,CL008,PR001,COM005,VIL003,10,17500.0,174562.0,136658.0,37904.0,174562.0,0.0,Espèces
V00267,20250613,2025-06-13,CL011,PR012,COM005,VIL004,2,2840.0,5368.0,3704.0,1664.0,5368.0,0.0,Espèces
V01473,20250613,2025-06-13,CL012,PR008,COM004,VIL004,8,910.0,6880.0,4763.0,2117.0,6536.0,344.0,Virement
V00214,20250614,2025-06-14,CL015,PR015,COM004,VIL006,6,980.0,4816.0,3194.0,1622.0,1686.0,3130.0,Crédit
V00020,20250614,2025-06-14,CL010,PR012,COM004,VIL004,3,2810.0,7966.0,5443.0,2523.0,7966.0,0.0,Mobile Money
V00031,20250614,2025-06-14,CL002,PR011,COM001,VIL001,12,1240.0,21092.0,14118.0,6974.0,21092.0,0.0,Virement
V01331,20250614,2025-06-14,CL019,PR003,COM003,VIL008,2,17360.0,20051.0,15015.0,5036.0,20051.0,0.0,Espèces
V01057,20250614,2025-06-14,CL016,PR013,COM001,VIL006,3,2390.0,5872.0,4251.0,1621.0,5872.0,0.0,Espèces
V01373,20250614,2025-06-14,CL017,PR004,COM006,VIL007,5,7500.0,29531.0,21617.0,7914.0,29531.0,0.0,Mobile Money
V00506,20250615,2025-06-15,CL003,PR014,COM008,VIL001,6,1470.0,12502.0,8590.0,3912.0,12502.0,0.0,Virement
V00792,20250615,2025-06-15,CL007,PR003,COM008,VIL002,4,17350.0,80157.0,61769.0,18388.0,64126.0,16031.0,Crédit
V01368,20250615,2025-06-15,CL004,PR003,COM008,VIL001,6,17460.0,148497.0,113627.0,34870.0,148497.0,0.0,Espèces
V00833,20250615,2025-06-15,CL006,PR013,COM004,VIL002,4,2390.0,11042.0,8270.0,2772.0,5521.0,5521.0,Crédit
V00537,20250616,2025-06-16,CL012,PR001,COM008,VIL004,3,17270.0,48960.0,41930.0,7030.0,48960.0,0.0,Virement
V00205,20250616,2025-06-16,CL019,PR005,COM006,VIL008,20,1720.0,19866.0,13976.0,5890.0,19866.0,0.0,Virement
V00871,20250616,2025-06-16,CL001,PR001,COM007,VIL001,4,17760.0,100699.0,78189.0,22510.0,80559.0,20140.0,Crédit
V01458,20250616,2025-06-16,CL010,PR001,COM006,VIL004,6,16850.0,95540.0,78416.0,17124.0,47770.0,47770.0,Crédit
V00222,20250616,2025-06-16,CL015,PR004,COM007,VIL006,12,7650.0,75184.0,54054.0,21130.0,48870.0,26314.0,Crédit
V00114,20250617,2025-06-17,CL014,PR014,COM005,VIL005,8,1510.0,10147.0,6451.0,3696.0,10147.0,0.0,Mobile Money
V00335,20250617,2025-06-17,CL009,PR002,COM008,VIL003,4,15220.0,60728.0,46803.0,13925.0,57692.0,3036.0,Espèces
V00798,20250617,2025-06-17,CL010,PR001,COM006,VIL004,10,17410.0,164524.0,129087.0,35437.0,106941.0,57583.0,Crédit
V00916,20250617,2025-06-17,CL010,PR002,COM002,VIL004,3,15820.0,44850.0,33680.0,11170.0,44850.0,0.0,Espèces
V00905,20250617,2025-06-17,CL008,PR014,COM001,VIL003,4,1510.0,6025.0,3910.0,2115.0,3916.0,2109.0,Crédit
V00939,20250618,2025-06-18,CL017,PR011,COM004,VIL007,5,1270.0,5001.0,3268.0,1733.0,5001.0,0.0,Espèces
V01213,20250618,2025-06-18,CL019,PR007,COM004,VIL008,5,1820.0,5255.0,3494.0,1761.0,5255.0,0.0,Espèces
V00485,20250618,2025-06-18,CL013,PR007,COM002,VIL005,8,1820.0,12230.0,8131.0,4099.0,9784.0,2446.0,Crédit
V00073,20250618,2025-06-18,CL015,PR004,COM004,VIL006,12,7470.0,73415.0,54644.0,18771.0,47720.0,25695.0,Crédit
V00647,20250618,2025-06-18,CL004,PR010,COM004,VIL001,4,3270.0,18541.0,13892.0,4649.0,18541.0,0.0,Espèces
V00612,20250618,2025-06-18,CL014,PR011,COM006,VIL005,4,1220.0,4099.0,2755.0,1344.0,2664.0,1435.0,Crédit
V00176,20250618,2025-06-18,CL020,PR009,COM003,VIL008,1,2270.0,1311.0,832.0,479.0,1311.0,0.0,Mobile Money
V01248,20250619,2025-06-19,CL017,PR003,COM002,VIL007,1,17270.0,13600.0,10190.0,3410.0,13600.0,0.0,Virement
V00231,20250619,2025-06-19,CL016,PR013,COM008,VIL006,5,2470.0,10115.0,6921.0,3194.0,10115.0,0.0,Crédit
V00054,20250620,2025-06-20,CL013,PR006,COM005,VIL005,12,740.0,7459.0,4838.0,2621.0,7459.0,0.0,Mobile Money
V01499,20250620,2025-06-20,CL009,PR004,COM007,VIL003,15,7650.0,114463.0,83640.0,30823.0,114463.0,0.0,Espèces
V00277,20250620,2025-06-20,CL007,PR002,COM003,VIL002,5,16080.0,92862.0,67510.0,25352.0,92862.0,0.0,Mobile Money
V00710,20250620,2025-06-20,CL003,PR013,COM001,VIL001,10,2470.0,35012.0,25798.0,9214.0,17506.0,17506.0,Crédit
V00474,20250620,2025-06-20,CL007,PR014,COM007,VIL002,4,1480.0,6838.0,4574.0,2264.0,6496.0,342.0,Espèces
V01075,20250620,2025-06-20,CL016,PR005,COM006,VIL006,1,1710.0,1400.0,1040.0,360.0,1120.0,280.0,Crédit
V01431,20250621,2025-06-21,CL004,PR014,COM008,VIL001,3,1490.0,6336.0,4082.0,2254.0,3168.0,3168.0,Crédit
V00124,20250621,2025-06-21,CL001,PR010,COM001,VIL001,5,3280.0,23247.0,16301.0,6946.0,23247.0,0.0,Crédit
V00367,20250621,2025-06-21,CL003,PR010,COM004,VIL001,8,3020.0,34247.0,26649.0,7598.0,22261.0,11986.0,Crédit
V01102,20250621,2025-06-21,CL005,PR015,COM008,VIL002,8,980.0,9055.0,6006.0,3049.0,9055.0,0.0,Mobile Money
V00070,20250621,2025-06-21,CL020,PR002,COM002,VIL008,5,15200.0,43890.0,32802.0,11088.0,28528.0,15362.0,Crédit
V00109,20250622,2025-06-22,CL005,PR014,COM007,VIL002,2,1410.0,3257.0,2264.0,993.0,3257.0,0.0,Espèces
V00290,20250622,2025-06-22,CL016,PR003,COM005,VIL006,5,17080.0,69943.0,54054.0,15889.0,69943.0,0.0,Mobile Money
V00709,20250623,2025-06-23,CL005,PR008,COM004,VIL002,5,880.0,5082.0,3581.0,1501.0,5082.0,0.0,Espèces
V00944,20250623,2025-06-23,CL005,PR015,COM007,VIL002,6,990.0,6861.0,4435.0,2426.0,6861.0,0.0,Virement
V01420,20250623,2025-06-23,CL008,PR002,COM008,VIL003,5,15930.0,79451.0,58204.0,21247.0,79451.0,0.0,Espèces
V00519,20250623,2025-06-23,CL015,PR011,COM007,VIL006,6,1190.0,5848.0,4029.0,1819.0,5848.0,0.0,Mobile Money
V00076,20250623,2025-06-23,CL007,PR012,COM007,VIL002,20,2730.0,63063.0,45045.0,18018.0,63063.0,0.0,Mobile Money
V00974,20250623,2025-06-23,CL005,PR004,COM002,VIL002,2,7490.0,17302.0,13098.0,4204.0,17302.0,0.0,Espèces
V01202,20250624,2025-06-24,CL016,PR012,COM004,VIL006,12,2870.0,28206.0,19558.0,8648.0,22565.0,5641.0,Crédit
V00768,20250624,2025-06-24,CL015,PR012,COM006,VIL006,4,2730.0,8943.0,6355.0,2588.0,8943.0,0.0,Espèces
V00785,20250624,2025-06-24,CL014,PR015,COM008,VIL005,5,980.0,4116.0,2688.0,1428.0,3293.0,823.0,Crédit
V00973,20250624,2025-06-24,CL009,PR002,COM007,VIL003,5,15720.0,78404.0,59351.0,19053.0,78404.0,0.0,Mobile Money
V00622,20250624,2025-06-24,CL020,PR004,COM005,VIL008,3,7460.0,12924.0,9823.0,3101.0,12924.0,0.0,Espèces
V00644,20250625,2025-06-25,CL013,PR008,COM005,VIL005,2,910.0,1529.0,1025.0,504.0,1529.0,0.0,Crédit
V01101,20250625,2025-06-25,CL018,PR002,COM003,VIL007,3,15490.0,36595.0,28326.0,8269.0,36595.0,0.0,Virement
V00276,20250626,2025-06-26,CL003,PR014,COM001,VIL001,12,1530.0,26025.0,17010.0,9015.0,26025.0,0.0,Espèces
V01146,20250626,2025-06-26,CL001,PR005,COM001,VIL001,3,1660.0,7059.0,5443.0,1616.0,4588.0,2471.0,Crédit
V01031,20250627,2025-06-27,CL019,PR009,COM005,VIL008,5,2200.0,6353.0,4476.0,1877.0,6353.0,0.0,Espèces
V00282,20250627,2025-06-27,CL007,PR012,COM005,VIL002,1,2790.0,3222.0,2218.0,1004.0,3222.0,0.0,Espèces
V00444,20250628,2025-06-28,CL001,PR004,COM007,VIL001,4,7270.0,41221.0,31752.0,9469.0,41221.0,0.0,Espèces
V00651,20250628,2025-06-28,CL007,PR002,COM002,VIL002,3,14890.0,51594.0,40887.0,10707.0,41275.0,10319.0,Crédit
V01244,20250628,2025-06-28,CL019,PR001,COM004,VIL008,5,18310.0,52870.0,40338.0,12532.0,52870.0,0.0,Espèces
V01492,20250628,2025-06-28,CL013,PR003,COM004,VIL005,15,17350.0,218610.0,164178.0,54432.0,218610.0,0.0,Espèces
V00729,20250628,2025-06-28,CL006,PR006,COM001,VIL002,10,730.0,8432.0,5428.0,3004.0,5481.0,2951.0,Crédit
V01116,20250628,2025-06-28,CL014,PR008,COM006,VIL005,3,900.0,2268.0,1562.0,706.0,1474.0,794.0,Crédit
V01477,20250629,2025-06-29,CL010,PR015,COM008,VIL004,6,1030.0,5840.0,3629.0,2211.0,5840.0,0.0,Crédit
V00235,20250629,2025-06-29,CL018,PR009,COM007,VIL007,2,2070.0,3260.0,2362.0,898.0,2608.0,652.0,Crédit
V00718,20250629,2025-06-29,CL020,PR004,COM006,VIL008,12,7220.0,50035.0,38184.0,11851.0,40028.0,10007.0,Crédit
V00563,20250629,2025-06-29,CL003,PR007,COM005,VIL001,20,1760.0,49896.0,33170.0,16726.0,49896.0,0.0,Espèces
V00284,20250629,2025-06-29,CL020,PR002,COM007,VIL008,2,16070.0,18561.0,13698.0,4863.0,18561.0,0.0,Virement
V00252,20250630,2025-06-30,CL018,PR012,COM002,VIL007,6,2820.0,13324.0,9261.0,4063.0,13324.0,0.0,Espèces
V01353,20250630,2025-06-30,CL003,PR009,COM003,VIL001,8,2240.0,25402.0,17237.0,8165.0,25402.0,0.0,Espèces
V01018,20250630,2025-06-30,CL011,PR003,COM006,VIL004,5,17000.0,80325.0,65110.0,15215.0,80325.0,0.0,Espèces
V00203,20250630,2025-06-30,CL014,PR012,COM005,VIL005,20,2720.0,45696.0,32928.0,12768.0,36557.0,9139.0,Crédit
V01120,20250630,2025-06-30,CL019,PR001,COM002,VIL008,5,18200.0,52553.0,40829.0,11724.0,42042.0,10511.0,Crédit
V00185,20250630,2025-06-30,CL008,PR010,COM005,VIL003,1,3200.0,3192.0,2294.0,898.0,2554.0,638.0,Crédit
V00055,20250701,2025-07-01,CL010,PR012,COM006,VIL004,6,2840.0,15336.0,10260.0,5076.0,9968.0,5368.0,Crédit
V00183,20250701,2025-07-01,CL001,PR012,COM006,VIL001,5,2790.0,18832.0,13568.0,5264.0,6591.0,12241.0,Crédit
V01356,20250701,2025-07-01,CL002,PR013,COM005,VIL001,8,2520.0,27216.0,18576.0,8640.0,21773.0,5443.0,Crédit
V01162,20250702,2025-07-02,CL016,PR006,COM002,VIL006,3,750.0,1755.0,1100.0,655.0,1755.0,0.0,Virement
V00405,20250702,2025-07-02,CL007,PR006,COM002,VIL002,15,760.0,12540.0,7920.0,4620.0,12540.0,0.0,Virement
V00406,20250702,2025-07-02,CL005,PR006,COM006,VIL002,12,770.0,10164.0,6336.0,3828.0,10164.0,0.0,Espèces
V00453,20250702,2025-07-02,CL002,PR007,COM007,VIL001,1,1730.0,2336.0,1593.0,743.0,2336.0,0.0,Mobile Money
V00180,20250702,2025-07-02,CL011,PR003,COM001,VIL004,5,16520.0,74340.0,59040.0,15300.0,74340.0,0.0,Mobile Money
V00021,20250702,2025-07-02,CL018,PR006,COM008,VIL007,4,770.0,2310.0,1470.0,840.0,1502.0,808.0,Crédit
V01091,20250703,2025-07-03,CL002,PR012,COM001,VIL001,2,2880.0,7776.0,5184.0,2592.0,5054.0,2722.0,Crédit
V01053,20250703,2025-07-03,CL005,PR012,COM006,VIL002,6,2730.0,18018.0,12540.0,5478.0,14414.0,3604.0,Crédit
V01379,20250703,2025-07-03,CL018,PR003,COM006,VIL007,20,16690.0,250350.0,201750.0,48600.0,162728.0,87622.0,Crédit
V00667,20250703,2025-07-03,CL007,PR009,COM006,VIL002,3,2210.0,7293.0,4983.0,2310.0,7293.0,0.0,Virement
V01008,20250703,2025-07-03,CL013,PR010,COM001,VIL005,2,3270.0,5232.0,3712.0,1520.0,5232.0,0.0,Mobile Money
V00556,20250704,2025-07-04,CL008,PR007,COM008,VIL003,12,1880.0,21432.0,13224.0,8208.0,21432.0,0.0,Crédit
V00629,20250704,2025-07-04,CL002,PR013,COM006,VIL001,8,2530.0,27324.0,18576.0,8748.0,27324.0,0.0,Espèces
V00420,20250704,2025-07-04,CL011,PR005,COM005,VIL004,15,1680.0,22680.0,16875.0,5805.0,22680.0,0.0,Espèces
V00159,20250704,2025-07-04,CL017,PR011,COM004,VIL007,20,1170.0,17550.0,12600.0,4950.0,17550.0,0.0,Espèces
V00876,20250704,2025-07-04,CL020,PR010,COM006,VIL008,4,3200.0,7040.0,5060.0,1980.0,7040.0,0.0,Virement
V00115,20250704,2025-07-04,CL002,PR006,COM005,VIL001,5,740.0,4995.0,3240.0,1755.0,4995.0,0.0,Crédit
V01152,20250704,2025-07-04,CL018,PR008,COM006,VIL007,6,880.0,3960.0,2835.0,1125.0,1386.0,2574.0,Crédit
V00897,20250705,2025-07-05,CL019,PR008,COM008,VIL008,3,950.0,1568.0,974.0,594.0,1568.0,0.0,Mobile Money
V01241,20250705,2025-07-05,CL004,PR006,COM007,VIL001,12,780.0,12636.0,7938.0,4698.0,12636.0,0.0,Espèces
V01051,20250705,2025-07-05,CL014,PR005,COM005,VIL005,25,1750.0,35000.0,24400.0,10600.0,28000.0,7000.0,Crédit
V00445,20250705,2025-07-05,CL008,PR014,COM001,VIL003,15,1470.0,20948.0,14108.0,6840.0,20948.0,0.0,Crédit
V01490,20250705,2025-07-05,CL009,PR006,COM005,VIL003,6,770.0,4389.0,2736.0,1653.0,4389.0,0.0,Mobile Money
V01217,20250705,2025-07-05,CL009,PR008,COM002,VIL003,8,910.0,6916.0,4788.0,2128.0,6916.0,0.0,Virement
V00940,20250705,2025-07-05,CL002,PR008,COM005,VIL001,2,910.0,2457.0,1701.0,756.0,1966.0,491.0,Crédit
V01296,20250707,2025-07-07,CL019,PR015,COM002,VIL008,4,1030.0,2266.0,1364.0,902.0,2266.0,0.0,Virement
V00344,20250707,2025-07-07,CL017,PR010,COM002,VIL007,2,3250.0,4875.0,3465.0,1410.0,4875.0,0.0,Espèces
V00017,20250707,2025-07-07,CL010,PR008,COM003,VIL004,25,920.0,20700.0,13950.0,6750.0,20700.0,0.0,Virement
V01442,20250707,2025-07-07,CL019,PR006,COM004,VIL008,3,760.0,1254.0,792.0,462.0,1254.0,0.0,Espèces
V00608,20250707,2025-07-07,CL003,PR011,COM008,VIL001,3,1210.0,4900.0,3362.0,1538.0,4900.0,0.0,Virement
V01000,20250707,2025-07-07,CL019,PR008,COM001,VIL008,2,860.0,946.0,693.0,253.0,946.0,0.0,Mobile Money
V01207,20250708,2025-07-08,CL015,PR014,COM004,VIL006,2,1500.0,2340.0,1544.0,796.0,1872.0,468.0,Crédit
V01460,20250708,2025-07-08,CL010,PR010,COM008,VIL004,12,3160.0,34128.0,25272.0,8856.0,34128.0,0.0,Espèces
V01165,20250708,2025-07-08,CL005,PR011,COM005,VIL002,8,1160.0,10208.0,6952.0,3256.0,10208.0,0.0,Mobile Money
V00717,20250708,2025-07-08,CL010,PR006,COM007,VIL004,10,780.0,7020.0,4320.0,2700.0,7020.0,0.0,Espèces
V00549,20250708,2025-07-08,CL016,PR005,COM003,VIL006,2,1770.0,2761.0,1966.0,795.0,2761.0,0.0,Virement
V00803,20250708,2025-07-08,CL012,PR013,COM002,VIL004,3,2580.0,6966.0,4617.0,2349.0,6966.0,0.0,Virement
V00366,20250709,2025-07-09,CL009,PR012,COM005,VIL003,4,2820.0,10716.0,7486.0,3230.0,10716.0,0.0,Espèces
V00701,20250709,2025-07-09,CL008,PR003,COM004,VIL003,15,18090.0,257782.0,191520.0,66262.0,257782.0,0.0,Mobile Money
V01015,20250709,2025-07-09,CL003,PR005,COM005,VIL001,6,1700.0,13770.0,10125.0,3645.0,13770.0,0.0,Virement
V01010,20250709,2025-07-09,CL003,PR002,COM008,VIL001,6,15580.0,126198.0,89748.0,36450.0,126198.0,0.0,Virement
V00449,20250710,2025-07-10,CL001,PR010,COM003,VIL001,4,3110.0,16794.0,12366.0,4428.0,16794.0,0.0,Espèces
V00712,20250710,2025-07-10,CL016,PR015,COM002,VIL006,10,1010.0,7878.0,5226.0,2652.0,6302.0,1576.0,Crédit
V00893,20250710,2025-07-10,CL013,PR007,COM007,VIL005,5,1800.0,7200.0,4760.0,2440.0,7200.0,0.0,Espèces
V00679,20250710,2025-07-10,CL013,PR009,COM001,VIL005,3,2130.0,5112.0,3456.0,1656.0,5112.0,0.0,Mobile Money
V00296,20250710,2025-07-10,CL005,PR012,COM002,VIL002,30,2800.0,92400.0,66000.0,26400.0,92400.0,0.0,Mobile Money
V01311,20250711,2025-07-11,CL011,PR008,COM006,VIL004,5,900.0,4050.0,2790.0,1260.0,4050.0,0.0,Mobile Money
V01195,20250711,2025-07-11,CL019,PR009,COM005,VIL008,3,2300.0,3795.0,2524.0,1271.0,3795.0,0.0,Espèces
V00578,20250711,2025-07-11,CL009,PR013,COM001,VIL003,3,2560.0,7296.0,5016.0,2280.0,7296.0,0.0,Virement
V01074,20250711,2025-07-11,CL008,PR015,COM006,VIL003,2,1000.0,1900.0,1254.0,646.0,1900.0,0.0,Crédit
V00011,20250712,2025-07-12,CL007,PR006,COM003,VIL002,3,750.0,2475.0,1584.0,891.0,2475.0,0.0,Virement
V00997,20250712,2025-07-12,CL017,PR001,COM007,VIL007,2,18020.0,27030.0,21300.0,5730.0,27030.0,0.0,Espèces
V01392,20250713,2025-07-13,CL012,PR013,COM004,VIL004,10,2490.0,22410.0,16470.0,5940.0,22410.0,0.0,Mobile Money
V01147,20250713,2025-07-13,CL012,PR007,COM008,VIL004,1,1750.0,1575.0,1098.0,477.0,1260.0,315.0,Crédit
V00507,20250713,2025-07-13,CL009,PR013,COM004,VIL003,5,2490.0,11828.0,8028.0,3800.0,11828.0,0.0,Espèces
V01299,20250713,2025-07-13,CL015,PR001,COM005,VIL006,6,17660.0,82649.0,66128.0,16521.0,28927.0,53722.0,Crédit
V01164,20250713,2025-07-13,CL010,PR004,COM004,VIL004,4,7270.0,26172.0,20628.0,5544.0,26172.0,0.0,Virement
V00995,20250713,2025-07-13,CL009,PR008,COM007,VIL003,3,910.0,2594.0,1796.0,798.0,2594.0,0.0,Espèces
V00488,20250713,2025-07-13,CL005,PR015,COM008,VIL002,10,1010.0,11110.0,7040.0,4070.0,11110.0,0.0,Virement
V00351,20250714,2025-07-14,CL002,PR003,COM008,VIL001,1,16720.0,22572.0,18238.0,4334.0,22572.0,0.0,Crédit
V00747,20250714,2025-07-14,CL012,PR007,COM005,VIL004,3,1790.0,4833.0,3294.0,1539.0,3141.0,1692.0,Crédit
V01335,20250714,2025-07-14,CL008,PR014,COM003,VIL003,15,1540.0,21945.0,14678.0,7267.0,17556.0,4389.0,Crédit
V01341,20250714,2025-07-14,CL009,PR001,COM007,VIL003,2,18480.0,35112.0,26201.0,8911.0,35112.0,0.0,Espèces
V00656,20250714,2025-07-14,CL010,PR008,COM007,VIL004,2,920.0,1656.0,1098.0,558.0,1656.0,0.0,Espèces
V00561,20250715,2025-07-15,CL018,PR002,COM005,VIL007,10,15520.0,116400.0,87975.0,28425.0,58200.0,58200.0,Crédit
V00606,20250715,2025-07-15,CL006,PR003,COM006,VIL002,1,17130.0,18843.0,14377.0,4466.0,18843.0,0.0,Crédit
V00648,20250715,2025-07-15,CL019,PR010,COM007,VIL008,4,3110.0,6842.0,5082.0,1760.0,2395.0,4447.0,Crédit
V00931,20250716,2025-07-16,CL003,PR011,COM008,VIL001,6,1210.0,9801.0,6237.0,3564.0,7841.0,1960.0,Crédit
V01140,20250716,2025-07-16,CL018,PR008,COM008,VIL007,12,910.0,8190.0,5490.0,2700.0,8190.0,0.0,Virement
V00289,20250717,2025-07-17,CL010,PR003,COM003,VIL004,2,18060.0,32508.0,23940.0,8568.0,26006.0,6502.0,Crédit
V00927,20250717,2025-07-17,CL004,PR008,COM007,VIL001,6,920.0,7452.0,4941.0,2511.0,4844.0,2608.0,Crédit
V01380,20250717,2025-07-17,CL020,PR014,COM001,VIL008,1,1500.0,825.0,561.0,264.0,825.0,0.0,Mobile Money
V00877,20250717,2025-07-17,CL018,PR011,COM002,VIL007,1,1160.0,870.0,615.0,255.0,435.0,435.0,Crédit
V01259,20250717,2025-07-17,CL008,PR010,COM005,VIL003,25,3170.0,75288.0,57238.0,18050.0,60230.0,15058.0,Crédit
V00539,20250717,2025-07-17,CL020,PR008,COM008,VIL008,2,900.0,990.0,682.0,308.0,990.0,0.0,Virement
V00917,20250718,2025-07-18,CL013,PR002,COM003,VIL005,5,15420.0,61680.0,48000.0,13680.0,61680.0,0.0,Virement
V00305,20250718,2025-07-18,CL003,PR002,COM006,VIL001,10,15280.0,206280.0,160245.0,46035.0,206280.0,0.0,Espèces
V00789,20250718,2025-07-18,CL019,PR015,COM003,VIL008,4,1010.0,2222.0,1474.0,748.0,2222.0,0.0,Espèces
V00807,20250718,2025-07-18,CL007,PR002,COM004,VIL002,8,15300.0,134640.0,103928.0,30712.0,134640.0,0.0,Espèces
V00295,20250718,2025-07-18,CL010,PR003,COM004,VIL004,5,17230.0,77535.0,59985.0,17550.0,62028.0,15507.0,Crédit
V00057,20250719,2025-07-19,CL018,PR013,COM002,VIL007,6,2520.0,11340.0,7920.0,3420.0,11340.0,0.0,Mobile Money
V00331,20250719,2025-07-19,CL008,PR010,COM003,VIL003,25,3170.0,75288.0,55575.0,19713.0,75288.0,0.0,Virement
V00229,20250719,2025-07-19,CL009,PR012,COM001,VIL003,8,2820.0,21432.0,14972.0,6460.0,21432.0,0.0,Espèces
V00983,20250719,2025-07-19,CL004,PR011,COM003,VIL001,6,1210.0,9801.0,6966.0,2835.0,9801.0,0.0,Crédit
V00029,20250719,2025-07-19,CL001,PR004,COM004,VIL001,6,7290.0,59049.0,45117.0,13932.0,47239.0,11810.0,Crédit
V00992,20250720,2025-07-20,CL006,PR012,COM007,VIL002,4,2770.0,12188.0,8668.0,3520.0,12188.0,0.0,Espèces
V00879,20250720,2025-07-20,CL020,PR003,COM004,VIL008,1,18130.0,9972.0,7442.0,2530.0,9972.0,0.0,Crédit
V01323,20250720,2025-07-20,CL003,PR007,COM007,VIL001,6,1750.0,14175.0,9963.0,4212.0,14175.0,0.0,Mobile Money
V01497,20250721,2025-07-21,CL007,PR005,COM007,VIL002,5,1610.0,8855.0,6875.0,1980.0,8855.0,0.0,Espèces
V00762,20250721,2025-07-21,CL020,PR008,COM001,VIL008,4,860.0,1892.0,1298.0,594.0,1892.0,0.0,Virement
V00655,20250721,2025-07-21,CL015,PR011,COM007,VIL006,3,1200.0,2808.0,1942.0,866.0,2808.0,0.0,Virement
V01222,20250721,2025-07-21,CL014,PR008,COM004,VIL005,1,900.0,720.0,472.0,248.0,468.0,252.0,Crédit
V00755,20250722,2025-07-22,CL006,PR001,COM003,VIL002,5,17950.0,98725.0,79255.0,19470.0,78980.0,19745.0,Crédit
V00132,20250722,2025-07-22,CL018,PR007,COM003,VIL007,20,1850.0,27750.0,18000.0,9750.0,9712.0,18038.0,Crédit
V01258,20250722,2025-07-22,CL013,PR002,COM005,VIL005,5,14460.0,57840.0,48160.0,9680.0,46272.0,11568.0,Crédit
V00034,20250722,2025-07-22,CL004,PR002,COM007,VIL001,3,15650.0,63383.0,46940.0,16443.0,63383.0,0.0,Espèces
V00330,20250722,2025-07-22,CL020,PR014,COM004,VIL008,3,1560.0,2574.0,1568.0,1006.0,2574.0,0.0,Virement
V00113,20250722,2025-07-22,CL014,PR001,COM007,VIL005,10,17490.0,139920.0,112560.0,27360.0,69960.0,69960.0,Crédit
V01365,20250722,2025-07-22,CL002,PR009,COM008,VIL001,10,2180.0,29430.0,20250.0,9180.0,23544.0,5886.0,Crédit
V00456,20250722,2025-07-22,CL009,PR013,COM002,VIL003,12,2450.0,27930.0,19722.0,8208.0,27930.0,0.0,Mobile Money
V00308,20250722,2025-07-22,CL010,PR003,COM008,VIL004,1,17110.0,15399.0,11898.0,3501.0,15399.0,0.0,Espèces
V01084,20250722,2025-07-22,CL014,PR012,COM001,VIL005,3,2780.0,6672.0,4944.0,1728.0,6672.0,0.0,Mobile Money
V01003,20250723,2025-07-23,CL016,PR001,COM001,VIL006,15,18640.0,218088.0,166491.0,51597.0,109044.0,109044.0,Crédit
V01129,20250723,2025-07-23,CL013,PR009,COM004,VIL005,12,2300.0,22080.0,14688.0,7392.0,22080.0,0.0,Virement
V00158,20250723,2025-07-23,CL018,PR015,COM005,VIL007,1,990.0,742.0,495.0,247.0,482.0,260.0,Crédit
V00134,20250724,2025-07-24,CL018,PR002,COM002,VIL007,1,16240.0,12180.0,9112.0,3068.0,9744.0,2436.0,Crédit
V01387,20250724,2025-07-24,CL019,PR004,COM008,VIL008,3,7510.0,12392.0,9207.0,3185.0,12392.0,0.0,Virement
V01412,20250724,2025-07-24,CL002,PR009,COM003,VIL001,1,2300.0,3105.0,1944.0,1161.0,1552.0,1553.0,Crédit
V01434,20250725,2025-07-25,CL009,PR002,COM003,VIL003,4,15460.0,58748.0,44688.0,14060.0,58748.0,0.0,Espèces
V00131,20250726,2025-07-26,CL012,PR006,COM002,VIL004,4,750.0,2700.0,1764.0,936.0,1755.0,945.0,Crédit
V00706,20250726,2025-07-26,CL016,PR008,COM004,VIL006,2,910.0,1420.0,952.0,468.0,497.0,923.0,Crédit
V00126,20250726,2025-07-26,CL020,PR014,COM004,VIL008,2,1620.0,1782.0,1078.0,704.0,1782.0,0.0,Crédit
V00079,20250726,2025-07-26,CL003,PR004,COM003,VIL001,6,7660.0,62046.0,44712.0,17334.0,62046.0,0.0,Espèces
V00980,20250726,2025-07-26,CL003,PR003,COM005,VIL001,8,17190.0,185652.0,146880.0,38772.0,185652.0,0.0,Espèces
V01189,20250726,2025-07-26,CL013,PR001,COM007,VIL005,1,18440.0,14752.0,11368.0,3384.0,9589.0,5163.0,Crédit
V01029,20250726,2025-07-26,CL002,PR011,COM001,VIL001,5,1190.0,8033.0,5602.0,2431.0,8033.0,0.0,Mobile Money
V00116,20250727,2025-07-27,CL004,PR008,COM004,VIL001,8,890.0,9612.0,6804.0,2808.0,7690.0,1922.0,Crédit
V00437,20250727,2025-07-27,CL008,PR005,COM008,VIL003,4,1740.0,6612.0,4750.0,1862.0,6612.0,0.0,Mobile Money
V01455,20250728,2025-07-28,CL006,PR010,COM006,VIL002,5,3200.0,17600.0,12980.0,4620.0,17600.0,0.0,Crédit
V00708,20250728,2025-07-28,CL017,PR012,COM007,VIL007,8,2820.0,16920.0,11400.0,5520.0,16920.0,0.0,Virement
V00570,20250728,2025-07-28,CL009,PR004,COM008,VIL003,3,7500.0,21375.0,15276.0,6099.0,21375.0,0.0,Mobile Money
V00288,20250728,2025-07-28,CL002,PR004,COM001,VIL001,4,7560.0,40824.0,30348.0,10476.0,40824.0,0.0,Espèces
V00978,20250728,2025-07-28,CL004,PR015,COM006,VIL001,2,1010.0,2727.0,1755.0,972.0,2727.0,0.0,Crédit
V00922,20250728,2025-07-28,CL016,PR010,COM008,VIL006,15,3050.0,35685.0,28197.0,7488.0,35685.0,0.0,Virement
V00129,20250729,2025-07-29,CL008,PR008,COM007,VIL003,8,910.0,6916.0,4864.0,2052.0,4495.0,2421.0,Crédit
V01344,20250729,2025-07-29,CL010,PR004,COM001,VIL004,3,7320.0,19764.0,15606.0,4158.0,19764.0,0.0,Espèces
V00930,20250730,2025-07-30,CL006,PR012,COM007,VIL002,20,2700.0,59400.0,42020.0,17380.0,47520.0,11880.0,Crédit
V00535,20250730,2025-07-30,CL020,PR002,COM001,VIL008,10,15480.0,85140.0,64460.0,20680.0,55341.0,29799.0,Crédit
V00228,20250731,2025-07-31,CL012,PR006,COM008,VIL004,2,750.0,1350.0,864.0,486.0,1080.0,270.0,Crédit
V00677,20250731,2025-07-31,CL003,PR006,COM002,VIL001,4,740.0,3996.0,2700.0,1296.0,3996.0,0.0,Mobile Money
V00597,20250731,2025-07-31,CL019,PR006,COM005,VIL008,15,770.0,6353.0,4043.0,2310.0,6353.0,0.0,Espèces
V01161,20250801,2025-08-01,CL009,PR007,COM002,VIL003,5,1740.0,8430.0,5959.0,2471.0,8430.0,0.0,Mobile Money
V00424,20250801,2025-08-01,CL009,PR006,COM006,VIL003,4,740.0,2868.0,1860.0,1008.0,2868.0,0.0,Mobile Money
V00266,20250801,2025-08-01,CL019,PR010,COM002,VIL008,3,3150.0,5301.0,3888.0,1413.0,2650.0,2651.0,Crédit
V00242,20250802,2025-08-02,CL015,PR004,COM004,VIL006,6,7490.0,35754.0,27162.0,8592.0,17877.0,17877.0,Crédit
V01415,20250802,2025-08-02,CL009,PR008,COM005,VIL003,3,910.0,2645.0,1773.0,872.0,2116.0,529.0,Crédit
V01118,20250803,2025-08-03,CL002,PR002,COM002,VIL001,15,15110.0,312097.0,242490.0,69607.0,249678.0,62419.0,Crédit
V00966,20250803,2025-08-03,CL004,PR013,COM005,VIL001,2,2550.0,7023.0,4820.0,2203.0,7023.0,0.0,Espèces
V00260,20250803,2025-08-03,CL012,PR007,COM006,VIL004,1,1800.0,1652.0,1138.0,514.0,1652.0,0.0,Crédit
V01423,20250803,2025-08-03,CL003,PR012,COM006,VIL001,6,2670.0,22060.0,16028.0,6032.0,22060.0,0.0,Espèces
V00985,20250803,2025-08-03,CL007,PR013,COM005,VIL002,4,2380.0,10681.0,7450.0,3231.0,8545.0,2136.0,Crédit
V00786,20250803,2025-08-03,CL017,PR009,COM005,VIL007,20,2200.0,33660.0,23256.0,10404.0,21879.0,11781.0,Crédit
V01156,20250803,2025-08-03,CL012,PR003,COM002,VIL004,1,17400.0,15973.0,11952.0,4021.0,15973.0,0.0,Espèces
V00981,20250804,2025-08-04,CL014,PR007,COM008,VIL005,2,1800.0,2938.0,1958.0,980.0,1910.0,1028.0,Crédit
V00270,20250804,2025-08-04,CL004,PR015,COM001,VIL001,2,1000.0,2754.0,1790.0,964.0,964.0,1790.0,Crédit
V00698,20250804,2025-08-04,CL018,PR007,COM008,VIL007,1,1810.0,1385.0,910.0,475.0,1385.0,0.0,Espèces
V01396,20250804,2025-08-04,CL011,PR008,COM007,VIL004,5,920.0,4223.0,2892.0,1331.0,4223.0,0.0,Espèces
V00548,20250804,2025-08-04,CL011,PR014,COM006,VIL004,40,1460.0,53611.0,34884.0,18727.0,53611.0,0.0,Mobile Money
V01318,20250804,2025-08-04,CL018,PR007,COM008,VIL007,12,1750.0,16065.0,10924.0,5141.0,16065.0,0.0,Crédit
V00915,20250805,2025-08-05,CL008,PR012,COM003,VIL003,4,2720.0,10543.0,7674.0,2869.0,10543.0,0.0,Espèces
V00520,20250805,2025-08-05,CL010,PR014,COM006,VIL004,10,1510.0,13862.0,8905.0,4957.0,13862.0,0.0,Mobile Money
V00688,20250805,2025-08-05,CL006,PR015,COM001,VIL002,25,1030.0,28892.0,17672.0,11220.0,28892.0,0.0,Mobile Money
V00455,20250806,2025-08-06,CL020,PR013,COM004,VIL008,40,2470.0,55427.0,39719.0,15708.0,27714.0,27713.0,Crédit
V01350,20250806,2025-08-06,CL008,PR006,COM001,VIL003,12,700.0,8140.0,5698.0,2442.0,2849.0,5291.0,Crédit
V00468,20250806,2025-08-06,CL010,PR004,COM003,VIL004,3,7180.0,19774.0,15395.0,4379.0,15819.0,3955.0,Crédit
V00665,20250807,2025-08-07,CL020,PR008,COM003,VIL008,3,880.0,1481.0,1010.0,471.0,740.0,741.0,Crédit
V00394,20250807,2025-08-07,CL015,PR003,COM001,VIL006,1,17260.0,13732.0,10653.0,3079.0,13732.0,0.0,Virement
V01188,20250807,2025-08-07,CL012,PR004,COM002,VIL004,2,7420.0,13623.0,9933.0,3690.0,10898.0,2725.0,Crédit
V00531,20250807,2025-08-07,CL012,PR006,COM003,VIL004,1,750.0,688.0,441.0,247.0,241.0,447.0,Crédit
V00720,20250807,2025-08-07,CL004,PR004,COM003,VIL001,5,7440.0,51224.0,37868.0,13356.0,40979.0,10245.0,Crédit
V00967,20250808,2025-08-08,CL007,PR012,COM001,VIL002,5,2870.0,16101.0,10659.0,5442.0,16101.0,0.0,Espèces
V01048,20250808,2025-08-08,CL012,PR004,COM001,VIL004,3,7370.0,20297.0,15285.0,5012.0,10148.0,10149.0,Crédit
V00494,20250809,2025-08-09,CL013,PR012,COM005,VIL005,6,2740.0,13415.0,9498.0,3917.0,13415.0,0.0,Virement
V00137,20250809,2025-08-09,CL004,PR009,COM007,VIL001,15,2230.0,46061.0,30569.0,15492.0,23030.0,23031.0,Crédit
V00625,20250809,2025-08-09,CL015,PR013,COM001,VIL006,8,2400.0,15276.0,11266.0,4010.0,15276.0,0.0,Espèces
V00193,20250810,2025-08-10,CL014,PR011,COM008,VIL005,6,1210.0,5924.0,3966.0,1958.0,2073.0,3851.0,Crédit
V00490,20250810,2025-08-10,CL019,PR011,COM008,VIL008,5,1200.0,3366.0,2356.0,1010.0,3366.0,0.0,Espèces
V00850,20250810,2025-08-10,CL011,PR004,COM005,VIL004,3,7470.0,20572.0,15505.0,5067.0,10286.0,10286.0,Crédit
V01181,20250810,2025-08-10,CL003,PR010,COM002,VIL001,10,3330.0,45854.0,31946.0,13908.0,36683.0,9171.0,Crédit
V01305,20250811,2025-08-11,CL004,PR011,COM003,VIL001,1,1180.0,1625.0,1115.0,510.0,812.0,813.0,Crédit
V00767,20250812,2025-08-12,CL014,PR011,COM005,VIL005,5,1260.0,5141.0,3223.0,1918.0,2570.0,2571.0,Crédit
V00956,20250812,2025-08-12,CL010,PR015,COM002,VIL004,6,990.0,5453.0,3580.0,1873.0,3544.0,1909.0,Crédit
V00269,20250812,2025-08-12,CL002,PR003,COM001,VIL001,25,16940.0,583160.0,451312.0,131848.0,466528.0,116632.0,Crédit
V00896,20250812,2025-08-12,CL014,PR014,COM001,VIL005,8,1500.0,9792.0,6071.0,3721.0,9792.0,0.0,Mobile Money
V00672,20250813,2025-08-13,CL015,PR002,COM004,VIL006,6,15080.0,71986.0,55708.0,16278.0,25195.0,46791.0,Crédit
V01135,20250813,2025-08-13,CL002,PR015,COM007,VIL001,5,980.0,6747.0,4406.0,2341.0,2361.0,4386.0,Crédit
V00702,20250813,2025-08-13,CL001,PR004,COM004,VIL001,3,7570.0,31272.0,23877.0,7395.0,31272.0,0.0,Mobile Money
V00601,20250813,2025-08-13,CL019,PR007,COM005,VIL008,3,1830.0,3080.0,1952.0,1128.0,2002.0,1078.0,Crédit
V00953,20250813,2025-08-13,CL002,PR011,COM007,VIL001,25,1180.0,40622.0,27540.0,13082.0,40622.0,0.0,Crédit
V00900,20250813,2025-08-13,CL015,PR014,COM007,VIL006,2,1540.0,2450.0,1591.0,859.0,2450.0,0.0,Crédit
V00323,20250813,2025-08-13,CL007,PR012,COM008,VIL002,10,2880.0,32314.0,22440.0,9874.0,32314.0,0.0,Crédit
V00987,20250814,2025-08-14,CL005,PR005,COM002,VIL002,3,1760.0,5924.0,4140.0,1784.0,5924.0,0.0,Espèces
V01290,20250815,2025-08-15,CL017,PR005,COM008,VIL007,6,1720.0,7895.0,5646.0,2249.0,7500.0,395.0,Mobile Money
V00343,20250815,2025-08-15,CL017,PR002,COM001,VIL007,2,16030.0,24526.0,18284.0,6242.0,24526.0,0.0,Mobile Money
V01397,20250815,2025-08-15,CL014,PR005,COM001,VIL005,2,1620.0,2644.0,1942.0,702.0,2644.0,0.0,Espèces
V00675,20250815,2025-08-15,CL005,PR010,COM002,VIL002,12,3170.0,42681.0,30429.0,12252.0,42681.0,0.0,Mobile Money
V01200,20250815,2025-08-15,CL003,PR004,COM004,VIL001,2,7340.0,20214.0,15340.0,4874.0,13139.0,7075.0,Crédit
V00825,20250816,2025-08-16,CL015,PR009,COM008,VIL006,10,2210.0,17583.0,12332.0,5251.0,17583.0,0.0,Mobile Money
V01211,20250816,2025-08-16,CL002,PR003,COM003,VIL001,8,17250.0,190026.0,144089.0,45937.0,190026.0,0.0,Crédit
V00996,20250817,2025-08-17,CL005,PR006,COM002,VIL002,1,750.0,842.0,539.0,303.0,547.0,295.0,Crédit
V00240,20250817,2025-08-17,CL005,PR001,COM005,VIL002,4,18850.0,84599.0,64268.0,20331.0,84599.0,0.0,Crédit
V00880,20250818,2025-08-18,CL014,PR001,COM005,VIL005,4,17920.0,58491.0,47622.0,10869.0,38019.0,20472.0,Crédit
V00085,20250818,2025-08-18,CL013,PR006,COM005,VIL005,10,760.0,6202.0,3835.0,2367.0,6202.0,0.0,Virement
V01171,20250818,2025-08-18,CL016,PR006,COM003,VIL006,30,750.0,17901.0,11457.0,6444.0,11636.0,6265.0,Crédit
V00599,20250818,2025-08-18,CL016,PR005,COM008,VIL006,25,1700.0,33813.0,25857.0,7956.0,33813.0,0.0,Espèces
V00245,20250818,2025-08-18,CL005,PR011,COM006,VIL002,2,1200.0,2693.0,1795.0,898.0,2693.0,0.0,Mobile Money
V01111,20250819,2025-08-19,CL020,PR001,COM003,VIL008,4,18200.0,40841.0,32067.0,8774.0,40841.0,0.0,Espèces
V00192,20250819,2025-08-19,CL018,PR011,COM001,VIL007,1,1230.0,941.0,612.0,329.0,753.0,188.0,Crédit
V00040,20250819,2025-08-19,CL013,PR003,COM007,VIL005,8,18220.0,118940.0,86365.0,32575.0,118940.0,0.0,Virement
V01172,20250819,2025-08-19,CL018,PR004,COM006,VIL007,10,7560.0,57834.0,42610.0,15224.0,37592.0,20242.0,Crédit
V01370,20250820,2025-08-20,CL005,PR008,COM006,VIL002,5,910.0,5105.0,3422.0,1683.0,5105.0,0.0,Virement
V00658,20250820,2025-08-20,CL013,PR014,COM001,VIL005,4,1460.0,4765.0,3133.0,1632.0,3097.0,1668.0,Crédit
V01417,20250820,2025-08-20,CL013,PR008,COM003,VIL005,6,900.0,4406.0,3036.0,1370.0,3525.0,881.0,Crédit
V00341,20250820,2025-08-20,CL009,PR009,COM007,VIL003,4,2250.0,8721.0,5930.0,2791.0,8721.0,0.0,Mobile Money
V01196,20250820,2025-08-20,CL008,PR008,COM001,VIL003,5,920.0,4457.0,3004.0,1453.0,2228.0,2229.0,Crédit
V00130,20250820,2025-08-20,CL003,PR012,COM003,VIL001,25,2810.0,96734.0,67129.0,29605.0,77387.0,19347.0,Crédit
V00458,20250820,2025-08-20,CL011,PR001,COM003,VIL004,20,18400.0,337824.0,259978.0,77846.0,320933.0,16891.0,Virement
V00958,20250820,2025-08-20,CL019,PR012,COM004,VIL008,25,2830.0,39691.0,26788.0,12903.0,25799.0,13892.0,Crédit
V00743,20250820,2025-08-20,CL010,PR015,COM008,VIL004,15,1030.0,14183.0,9088.0,5095.0,14183.0,0.0,Espèces
V01467,20250820,2025-08-20,CL005,PR012,COM006,VIL002,2,2820.0,6328.0,4443.0,1885.0,6328.0,0.0,Virement
V00475,20250820,2025-08-20,CL012,PR005,COM007,VIL004,6,1680.0,9253.0,7271.0,1982.0,4626.0,4627.0,Crédit
V00782,20250821,2025-08-21,CL008,PR004,COM006,VIL003,12,7560.0,87908.0,64652.0,23256.0,43954.0,43954.0,Crédit
V01235,20250821,2025-08-21,CL009,PR004,COM006,VIL003,1,6950.0,6735.0,5378.0,1357.0,3368.0,3367.0,Crédit
V01128,20250821,2025-08-21,CL001,PR002,COM001,VIL001,5,15650.0,107750.0,82482.0,25268.0,107750.0,0.0,Espèces
V00920,20250821,2025-08-21,CL009,PR010,COM006,VIL003,5,2910.0,14099.0,11580.0,2519.0,9164.0,4935.0,Crédit
V01337,20250821,2025-08-21,CL020,PR012,COM008,VIL008,1,2680.0,1503.0,1083.0,420.0,977.0,526.0,Crédit
V00673,20250821,2025-08-21,CL020,PR009,COM007,VIL008,3,2220.0,3736.0,2508.0,1228.0,2428.0,1308.0,Crédit
V00099,20250821,2025-08-21,CL017,PR003,COM008,VIL007,3,17710.0,40644.0,30615.0,10029.0,40644.0,0.0,Espèces
V00616,20250822,2025-08-22,CL005,PR007,COM003,VIL002,8,1750.0,15708.0,10592.0,5116.0,15708.0,0.0,Espèces
V01068,20250822,2025-08-22,CL013,PR007,COM003,VIL005,8,1770.0,11555.0,7768.0,3787.0,11555.0,0.0,Mobile Money
V00600,20250823,2025-08-23,CL005,PR010,COM003,VIL002,5,3310.0,18569.0,13184.0,5385.0,18569.0,0.0,Mobile Money
V00569,20250823,2025-08-23,CL007,PR012,COM001,VIL002,12,2770.0,37295.0,26793.0,10502.0,37295.0,0.0,Virement
V00026,20250824,2025-08-24,CL001,PR010,COM004,VIL001,2,3380.0,9309.0,6389.0,2920.0,9309.0,0.0,Crédit
V00934,20250825,2025-08-25,CL007,PR011,COM005,VIL002,1,1200.0,1346.0,886.0,460.0,1346.0,0.0,Espèces
V01130,20250825,2025-08-25,CL001,PR007,COM001,VIL001,20,1820.0,50123.0,31671.0,18452.0,32580.0,17543.0,Crédit
V00984,20250825,2025-08-25,CL007,PR011,COM007,VIL002,3,1250.0,4208.0,2693.0,1515.0,4208.0,0.0,Espèces
V01255,20250826,2025-08-26,CL020,PR006,COM002,VIL008,15,750.0,6311.0,3955.0,2356.0,6311.0,0.0,Espèces
V00502,20250826,2025-08-26,CL002,PR010,COM001,VIL001,6,3120.0,25777.0,19333.0,6444.0,16755.0,9022.0,Crédit
V01089,20250826,2025-08-26,CL020,PR015,COM007,VIL008,1,1000.0,561.0,353.0,208.0,449.0,112.0,Crédit
V01221,20250826,2025-08-26,CL013,PR002,COM008,VIL005,2,15490.0,25280.0,18980.0,6300.0,25280.0,0.0,Espèces
V00824,20250826,2025-08-26,CL014,PR003,COM004,VIL005,1,16900.0,13790.0,10608.0,3182.0,8964.0,4826.0,Crédit
V00244,20250826,2025-08-26,CL001,PR008,COM003,VIL001,3,890.0,3677.0,2520.0,1157.0,3677.0,0.0,Mobile Money
V00771,20250826,2025-08-26,CL007,PR007,COM002,VIL002,25,1770.0,49649.0,34502.0,15147.0,49649.0,0.0,Espèces
V01205,20250826,2025-08-26,CL002,PR005,COM003,VIL001,10,1740.0,23960.0,17488.0,6472.0,23960.0,0.0,Espèces
V01438,20250827,2025-08-27,CL015,PR015,COM005,VIL006,3,1000.0,2387.0,1551.0,836.0,2387.0,0.0,Espèces
V01398,20250827,2025-08-27,CL013,PR004,COM008,VIL005,10,7450.0,60792.0,45288.0,15504.0,60792.0,0.0,Espèces
V00123,20250827,2025-08-27,CL019,PR008,COM007,VIL008,4,900.0,2020.0,1369.0,651.0,1616.0,404.0,Crédit
V01224,20250827,2025-08-27,CL008,PR008,COM005,VIL003,2,910.0,1764.0,1202.0,562.0,1764.0,0.0,Mobile Money
V00003,20250827,2025-08-27,CL005,PR014,COM008,VIL002,3,1520.0,5116.0,3332.0,1784.0,5116.0,0.0,Espèces
V00652,20250827,2025-08-27,CL007,PR002,COM005,VIL002,3,15110.0,50860.0,39012.0,11848.0,50860.0,0.0,Virement
V00986,20250827,2025-08-27,CL008,PR006,COM002,VIL003,1,730.0,707.0,465.0,242.0,707.0,0.0,Crédit
V00842,20250828,2025-08-28,CL008,PR008,COM005,VIL003,8,920.0,7132.0,4574.0,2558.0,5706.0,1426.0,Crédit
V01277,20250828,2025-08-28,CL011,PR002,COM004,VIL004,4,15340.0,56328.0,43513.0,12815.0,56328.0,0.0,Mobile Money
V00730,20250829,2025-08-29,CL020,PR010,COM003,VIL008,10,3090.0,17335.0,13408.0,3927.0,17335.0,0.0,Virement
V00316,20250829,2025-08-29,CL003,PR013,COM003,VIL001,1,2530.0,3484.0,2396.0,1088.0,3484.0,0.0,Virement
V00372,20250830,2025-08-30,CL005,PR004,COM008,VIL002,1,7590.0,8516.0,6508.0,2008.0,8516.0,0.0,Virement
V00446,20250830,2025-08-30,CL003,PR011,COM006,VIL001,4,1150.0,6334.0,4461.0,1873.0,6334.0,0.0,Mobile Money
V00156,20250830,2025-08-30,CL005,PR013,COM002,VIL002,4,2510.0,11265.0,7899.0,3366.0,11265.0,0.0,Mobile Money
V00255,20250830,2025-08-30,CL013,PR004,COM002,VIL005,1,7640.0,6234.0,4570.0,1664.0,6234.0,0.0,Mobile Money
V00108,20250831,2025-08-31,CL012,PR006,COM004,VIL004,8,760.0,5581.0,3525.0,2056.0,5581.0,0.0,Espèces
V00237,20250831,2025-08-31,CL011,PR006,COM001,VIL004,25,760.0,17442.0,11016.0,6426.0,17442.0,0.0,Virement
V00479,20250831,2025-08-31,CL002,PR007,COM008,VIL001,25,1740.0,59900.0,41310.0,18590.0,59900.0,0.0,Mobile Money
V00822,20250831,2025-08-31,CL001,PR001,COM007,VIL001,8,18150.0,199940.0,156868.0,43072.0,159952.0,39988.0,Crédit
V00819,20250831,2025-08-31,CL018,PR010,COM007,VIL007,8,3180.0,19462.0,14749.0,4713.0,19462.0,0.0,Mobile Money
V00162,20250831,2025-08-31,CL013,PR014,COM005,VIL005,30,1480.0,36230.0,23990.0,12240.0,36230.0,0.0,Espèces
V00311,20250901,2025-09-01,CL005,PR008,COM002,VIL002,25,920.0,26312.0,18018.0,8294.0,24996.0,1316.0,Espèces
V00122,20250901,2025-09-01,CL001,PR015,COM008,VIL001,4,1040.0,5841.0,3594.0,2247.0,2920.0,2921.0,Crédit
V01049,20250901,2025-09-01,CL010,PR006,COM002,VIL004,4,780.0,2920.0,1835.0,1085.0,2920.0,0.0,Espèces
V00283,20250902,2025-09-02,CL001,PR015,COM003,VIL001,3,1030.0,4338.0,2696.0,1642.0,4338.0,0.0,Crédit
V00080,20250902,2025-09-02,CL013,PR007,COM003,VIL005,3,1800.0,4493.0,3070.0,1423.0,4493.0,0.0,Espèces
V00859,20250902,2025-09-02,CL013,PR005,COM001,VIL005,10,1710.0,14227.0,10899.0,3328.0,14227.0,0.0,Mobile Money
V00641,20250902,2025-09-02,CL015,PR011,COM004,VIL006,3,1220.0,2969.0,1996.0,973.0,2969.0,0.0,Virement
V01132,20250902,2025-09-02,CL014,PR014,COM005,VIL005,8,1500.0,9984.0,6257.0,3727.0,9984.0,0.0,Virement
V00736,20250902,2025-09-02,CL016,PR004,COM007,VIL006,30,7520.0,183007.0,134821.0,48186.0,183007.0,0.0,Crédit
V01427,20250903,2025-09-03,CL013,PR004,COM006,VIL005,2,7650.0,12730.0,9551.0,3179.0,12730.0,0.0,Virement
V00312,20250903,2025-09-03,CL014,PR007,COM002,VIL005,25,1800.0,37440.0,25168.0,12272.0,37440.0,0.0,Mobile Money
V01306,20250903,2025-09-03,CL020,PR012,COM002,VIL008,2,2750.0,3146.0,2242.0,904.0,2045.0,1101.0,Crédit
V01329,20250904,2025-09-04,CL013,PR001,COM001,VIL005,15,17810.0,222269.0,178214.0,44055.0,222269.0,0.0,Crédit
V01424,20250904,2025-09-04,CL011,PR007,COM008,VIL004,3,1830.0,5139.0,3398.0,1741.0,3340.0,1799.0,Crédit
V01274,20250904,2025-09-04,CL015,PR005,COM001,VIL006,15,1700.0,20686.0,15575.0,5111.0,20686.0,0.0,Virement
V01071,20250904,2025-09-04,CL017,PR002,COM007,VIL007,4,15630.0,48766.0,37502.0,11264.0,48766.0,0.0,Espèces
V01298,20250905,2025-09-05,CL012,PR012,COM005,VIL004,6,2850.0,16006.0,11288.0,4718.0,12805.0,3201.0,Crédit
V00711,20250905,2025-09-05,CL014,PR006,COM001,VIL005,15,740.0,9235.0,5990.0,3245.0,9235.0,0.0,Crédit
V01327,20250905,2025-09-05,CL008,PR013,COM002,VIL003,1,2550.0,2519.0,1759.0,760.0,2015.0,504.0,Crédit
V00257,20250905,2025-09-05,CL007,PR003,COM005,VIL002,2,17670.0,40429.0,30019.0,10410.0,40429.0,0.0,Virement
V00416,20250905,2025-09-05,CL011,PR007,COM001,VIL004,3,1740.0,4886.0,3342.0,1544.0,4886.0,0.0,Espèces
V00049,20250905,2025-09-05,CL010,PR003,COM005,VIL004,20,18130.0,339394.0,255528.0,83866.0,339394.0,0.0,Virement
V00827,20250906,2025-09-06,CL007,PR006,COM005,VIL002,3,740.0,2540.0,1647.0,893.0,2540.0,0.0,Espèces
V00550,20250906,2025-09-06,CL014,PR010,COM008,VIL005,15,3070.0,38314.0,29827.0,8487.0,30651.0,7663.0,Crédit
V00098,20250907,2025-09-07,CL015,PR005,COM001,VIL006,4,1660.0,5386.0,4056.0,1330.0,5386.0,0.0,Espèces
V00060,20250907,2025-09-07,CL018,PR005,COM006,VIL007,3,1660.0,3884.0,2902.0,982.0,3107.0,777.0,Crédit
V00813,20250907,2025-09-07,CL011,PR011,COM002,VIL004,6,1200.0,6739.0,4605.0,2134.0,6739.0,0.0,Espèces
V00191,20250907,2025-09-07,CL016,PR001,COM001,VIL006,2,17880.0,29009.0,23363.0,5646.0,18856.0,10153.0,Crédit
V01062,20250908,2025-09-08,CL008,PR001,COM001,VIL003,10,17850.0,176358.0,139901.0,36457.0,141086.0,35272.0,Crédit
V00636,20250908,2025-09-08,CL014,PR008,COM001,VIL005,1,910.0,757.0,499.0,258.0,492.0,265.0,Crédit
V00615,20250908,2025-09-08,CL015,PR012,COM002,VIL006,6,2820.0,13726.0,9442.0,4284.0,13726.0,0.0,Espèces
V00075,20250908,2025-09-08,CL003,PR009,COM006,VIL001,15,2220.0,46753.0,32643.0,14110.0,46753.0,0.0,Mobile Money
V00788,20250908,2025-09-08,CL017,PR001,COM007,VIL007,2,18180.0,28361.0,21746.0,6615.0,9926.0,18435.0,Crédit
V00587,20250909,2025-09-09,CL015,PR007,COM007,VIL006,4,1830.0,5938.0,3764.0,2174.0,4750.0,1188.0,Crédit
V01149,20250909,2025-09-09,CL019,PR013,COM008,VIL008,5,2370.0,6778.0,5205.0,1573.0,6778.0,0.0,Mobile Money
V00941,20250910,2025-09-10,CL008,PR009,COM005,VIL003,1,2180.0,2154.0,1502.0,652.0,2154.0,0.0,Virement
V01183,20250910,2025-09-10,CL008,PR002,COM004,VIL003,8,14660.0,115873.0,93109.0,22764.0,115873.0,0.0,Virement
V00666,20250911,2025-09-11,CL019,PR007,COM001,VIL008,4,1800.0,4118.0,2723.0,1395.0,4118.0,0.0,Espèces
V00422,20250911,2025-09-11,CL011,PR012,COM007,VIL004,4,2800.0,10483.0,7451.0,3032.0,9959.0,524.0,Espèces
V00866,20250912,2025-09-12,CL002,PR012,COM002,VIL001,4,2870.0,16118.0,10839.0,5279.0,12894.0,3224.0,Crédit
V00184,20250912,2025-09-12,CL016,PR001,COM001,VIL006,2,18530.0,30063.0,23233.0,6830.0,30063.0,0.0,Espèces
V00875,20250912,2025-09-12,CL014,PR010,COM006,VIL005,40,3220.0,107162.0,79206.0,27956.0,107162.0,0.0,Crédit
V00175,20250912,2025-09-12,CL015,PR015,COM007,VIL006,8,990.0,6425.0,4218.0,2207.0,6425.0,0.0,Mobile Money
V00008,20250912,2025-09-12,CL010,PR007,COM005,VIL004,2,1820.0,3407.0,2246.0,1161.0,3407.0,0.0,Virement
V01472,20250912,2025-09-12,CL002,PR014,COM002,VIL001,3,1480.0,6234.0,4128.0,2106.0,4987.0,1247.0,Crédit
V00086,20250913,2025-09-13,CL007,PR006,COM005,VIL002,3,750.0,2574.0,1682.0,892.0,2574.0,0.0,Espèces
V00043,20250913,2025-09-13,CL002,PR005,COM008,VIL001,10,1740.0,24430.0,17269.0,7161.0,24430.0,0.0,Mobile Money
V00204,20250913,2025-09-13,CL004,PR003,COM007,VIL001,8,17260.0,193864.0,143433.0,50431.0,193864.0,0.0,Espèces
V00932,20250913,2025-09-13,CL011,PR002,COM002,VIL004,6,15810.0,88789.0,67111.0,21678.0,88789.0,0.0,Espèces
V01303,20250913,2025-09-13,CL020,PR003,COM004,VIL008,40,17800.0,407264.0,305906.0,101358.0,142542.0,264722.0,Crédit
V01348,20250913,2025-09-13,CL008,PR003,COM006,VIL003,15,17080.0,253126.0,197551.0,55575.0,253126.0,0.0,Mobile Money
V00223,20250914,2025-09-14,CL014,PR012,COM008,VIL005,10,2870.0,23878.0,16390.0,7488.0,23878.0,0.0,Virement
V00982,20250914,2025-09-14,CL018,PR002,COM001,VIL007,5,15770.0,61503.0,45708.0,15795.0,49202.0,12301.0,Crédit
V01194,20250914,2025-09-14,CL009,PR001,COM002,VIL003,12,18050.0,214001.0,168592.0,45409.0,214001.0,0.0,Espèces
V01064,20250915,2025-09-15,CL009,PR008,COM001,VIL003,6,880.0,5217.0,3675.0,1542.0,5217.0,0.0,Virement
V01041,20250915,2025-09-15,CL006,PR005,COM003,VIL002,5,1660.0,9495.0,7093.0,2402.0,9495.0,0.0,Virement
V00110,20250915,2025-09-15,CL003,PR004,COM004,VIL001,25,7400.0,259740.0,195507.0,64233.0,259740.0,0.0,Virement
V00541,20250916,2025-09-16,CL006,PR012,COM003,VIL002,15,2840.0,48734.0,34835.0,13899.0,38987.0,9747.0,Crédit
V01045,20250916,2025-09-16,CL017,PR007,COM002,VIL007,5,1760.0,6864.0,4524.0,2340.0,6864.0,0.0,Mobile Money
V00906,20250916,2025-09-16,CL017,PR012,COM004,VIL007,8,2830.0,17659.0,12293.0,5366.0,17659.0,0.0,Mobile Money
V00892,20250917,2025-09-17,CL004,PR014,COM002,VIL001,8,1450.0,16286.0,10670.0,5616.0,15472.0,814.0,Virement
V01077,20250917,2025-09-17,CL006,PR015,COM005,VIL002,8,990.0,9060.0,5949.0,3111.0,9060.0,0.0,Espèces
V01317,20250917,2025-09-17,CL014,PR015,COM004,VIL005,25,1000.0,20800.0,13312.0,7488.0,16640.0,4160.0,Crédit
V01276,20250918,2025-09-18,CL007,PR012,COM008,VIL002,1,2970.0,3398.0,2139.0,1259.0,3398.0,0.0,Espèces
V01197,20250918,2025-09-18,CL003,PR009,COM001,VIL001,2,2120.0,5953.0,4240.0,1713.0,4762.0,1191.0,Crédit
V00212,20250919,2025-09-19,CL010,PR005,COM007,VIL004,10,1760.0,16474.0,11606.0,4868.0,16474.0,0.0,Espèces
V00774,20250919,2025-09-19,CL010,PR002,COM004,VIL004,12,15560.0,174770.0,126922.0,47848.0,174770.0,0.0,Mobile Money
V01332,20250919,2025-09-19,CL016,PR005,COM002,VIL006,25,1720.0,34882.0,25756.0,9126.0,34882.0,0.0,Espèces
V00015,20250919,2025-09-19,CL005,PR008,COM008,VIL002,3,900.0,3089.0,2196.0,893.0,3089.0,0.0,Mobile Money
V00430,20250919,2025-09-19,CL020,PR005,COM002,VIL008,12,1720.0,11806.0,8855.0,2951.0,11806.0,0.0,Virement
V00177,20250919,2025-09-19,CL003,PR010,COM005,VIL001,15,3190.0,67181.0,49912.0,17269.0,67181.0,0.0,Virement
V00395,20250920,2025-09-20,CL003,PR006,COM004,VIL001,10,780.0,10951.0,6739.0,4212.0,10951.0,0.0,Espèces
V00236,20250920,2025-09-20,CL016,PR009,COM004,VIL006,2,2170.0,3521.0,2498.0,1023.0,1232.0,2289.0,Crédit
V00174,20250921,2025-09-21,CL016,PR006,COM007,VIL006,40,770.0,24985.0,16224.0,8761.0,12492.0,12493.0,Crédit
V00727,20250921,2025-09-21,CL018,PR002,COM003,VIL007,30,15250.0,356850.0,282438.0,74412.0,285480.0,71370.0,Crédit
V00793,20250921,2025-09-21,CL005,PR004,COM003,VIL002,1,7490.0,8569.0,6281.0,2288.0,8569.0,0.0,Espèces
V00697,20250921,2025-09-21,CL006,PR005,COM008,VIL002,3,1650.0,5663.0,4324.0,1339.0,5663.0,0.0,Espèces
V01119,20250921,2025-09-21,CL014,PR004,COM008,VIL005,3,7590.0,18945.0,14102.0,4843.0,18945.0,0.0,Virement
V00225,20250921,2025-09-21,CL011,PR010,COM003,VIL004,2,3320.0,6215.0,4231.0,1984.0,6215.0,0.0,Espèces
V01208,20250921,2025-09-21,CL007,PR015,COM003,VIL002,1,1000.0,1144.0,755.0,389.0,1144.0,0.0,Espèces
V00681,20250922,2025-09-22,CL014,PR011,COM007,VIL005,10,1190.0,9901.0,7155.0,2746.0,7921.0,1980.0,Crédit
V00676,20250922,2025-09-22,CL016,PR007,COM002,VIL006,15,1750.0,21294.0,14845.0,6449.0,17035.0,4259.0,Crédit
V01137,20250922,2025-09-22,CL007,PR015,COM003,VIL002,5,990.0,5663.0,3832.0,1831.0,5663.0,0.0,Espèces
V00461,20250922,2025-09-22,CL017,PR007,COM004,VIL007,5,1730.0,6747.0,4680.0,2067.0,6747.0,0.0,Espèces
V00713,20250923,2025-09-23,CL013,PR013,COM004,VIL005,40,2440.0,81203.0,58240.0,22963.0,81203.0,0.0,Espèces
V00318,20250923,2025-09-23,CL006,PR006,COM003,VIL002,2,750.0,1716.0,1098.0,618.0,1373.0,343.0,Crédit
V00317,20250924,2025-09-24,CL005,PR010,COM007,VIL002,10,3310.0,37866.0,26426.0,11440.0,37866.0,0.0,Espèces
V00760,20250924,2025-09-24,CL020,PR009,COM002,VIL008,2,2350.0,2688.0,1682.0,1006.0,1747.0,941.0,Crédit
V00737,20250924,2025-09-24,CL005,PR006,COM005,VIL002,3,740.0,2540.0,1682.0,858.0,2540.0,0.0,Virement
V01033,20250924,2025-09-24,CL019,PR005,COM005,VIL008,8,1760.0,8054.0,5857.0,2197.0,8054.0,0.0,Crédit
V00731,20250924,2025-09-24,CL013,PR011,COM002,VIL005,25,1210.0,25168.0,16640.0,8528.0,25168.0,0.0,Mobile Money
V01232,20250925,2025-09-25,CL011,PR014,COM001,VIL004,1,1490.0,1395.0,936.0,459.0,1395.0,0.0,Mobile Money
V01218,20250925,2025-09-25,CL014,PR006,COM006,VIL005,1,760.0,632.0,399.0,233.0,411.0,221.0,Crédit
V01009,20250925,2025-09-25,CL009,PR003,COM005,VIL003,2,17530.0,34639.0,26261.0,8378.0,34639.0,0.0,Espèces
V00215,20250926,2025-09-26,CL013,PR009,COM001,VIL005,2,2210.0,3677.0,2513.0,1164.0,1838.0,1839.0,Crédit
V00662,20250926,2025-09-26,CL005,PR008,COM001,VIL002,20,890.0,20363.0,14414.0,5949.0,20363.0,0.0,Espèces
V01002,20250926,2025-09-26,CL002,PR013,COM002,VIL001,4,2410.0,13535.0,9828.0,3707.0,10828.0,2707.0,Crédit
V00013,20250926,2025-09-26,CL015,PR001,COM001,VIL006,10,17310.0,140419.0,116732.0,23687.0,140419.0,0.0,Virement
V00886,20250926,2025-09-26,CL018,PR007,COM008,VIL007,1,1830.0,1427.0,944.0,483.0,1142.0,285.0,Crédit
V01349,20250926,2025-09-26,CL006,PR012,COM005,VIL002,5,2780.0,15902.0,11268.0,4634.0,10336.0,5566.0,Crédit
V00557,20250926,2025-09-26,CL015,PR011,COM008,VIL006,5,1180.0,4786.0,3285.0,1501.0,4786.0,0.0,Espèces
V00631,20250926,2025-09-26,CL015,PR007,COM003,VIL006,2,1800.0,2920.0,2028.0,892.0,2920.0,0.0,Mobile Money
V00377,20250926,2025-09-26,CL005,PR008,COM004,VIL002,1,920.0,1052.0,721.0,331.0,1052.0,0.0,Mobile Money
V00805,20250927,2025-09-27,CL019,PR001,COM002,VIL008,1,18080.0,10342.0,8122.0,2220.0,10342.0,0.0,Espèces
V01449,20250927,2025-09-27,CL011,PR009,COM008,VIL004,6,2160.0,12131.0,8143.0,3988.0,9705.0,2426.0,Crédit
V00603,20250927,2025-09-27,CL004,PR003,COM002,VIL001,5,18040.0,126641.0,91120.0,35521.0,82317.0,44324.0,Crédit
V00739,20250927,2025-09-27,CL010,PR011,COM008,VIL004,12,1250.0,14040.0,9435.0,4605.0,14040.0,0.0,Crédit
V01282,20250927,2025-09-27,CL019,PR014,COM002,VIL008,4,1520.0,3478.0,2265.0,1213.0,3478.0,0.0,Virement
V00757,20250927,2025-09-27,CL016,PR010,COM001,VIL006,3,3280.0,7982.0,5500.0,2482.0,6386.0,1596.0,Crédit
V00432,20250927,2025-09-27,CL010,PR012,COM006,VIL004,6,2890.0,16230.0,11176.0,5054.0,16230.0,0.0,Espèces
V00471,20250927,2025-09-27,CL017,PR004,COM007,VIL007,5,7710.0,30069.0,21606.0,8463.0,30069.0,0.0,Espèces
V01394,20250928,2025-09-28,CL019,PR002,COM003,VIL008,8,15740.0,72026.0,55507.0,16519.0,72026.0,0.0,Mobile Money
V01281,20250928,2025-09-28,CL007,PR008,COM002,VIL002,1,910.0,1041.0,709.0,332.0,1041.0,0.0,Espèces
V00062,20250929,2025-09-29,CL006,PR005,COM004,VIL002,5,1720.0,9838.0,7207.0,2631.0,9838.0,0.0,Espèces
V01139,20250929,2025-09-29,CL004,PR014,COM001,VIL001,10,1460.0,20498.0,14040.0,6458.0,19473.0,1025.0,Mobile Money
V00059,20250929,2025-09-29,CL020,PR006,COM007,VIL008,3,760.0,1304.0,807.0,497.0,1304.0,0.0,Mobile Money
V00878,20250929,2025-09-29,CL003,PR004,COM003,VIL001,25,7250.0,254475.0,192699.0,61776.0,254475.0,0.0,Virement
V01036,20250929,2025-09-29,CL020,PR001,COM006,VIL008,4,17640.0,40360.0,31895.0,8465.0,40360.0,0.0,Mobile Money
V00378,20250930,2025-09-30,CL018,PR009,COM004,VIL007,20,2270.0,35412.0,23712.0,11700.0,35412.0,0.0,Virement
V00391,20250930,2025-09-30,CL004,PR004,COM007,VIL001,2,7660.0,21509.0,15304.0,6205.0,21509.0,0.0,Espèces
V00512,20250930,2025-09-30,CL008,PR009,COM001,VIL003,10,2280.0,22526.0,14326.0,8200.0,14642.0,7884.0,Crédit
V00360,20251001,2025-10-01,CL015,PR008,COM007,VIL006,8,890.0,5998.0,4246.0,1752.0,5998.0,0.0,Mobile Money
V00895,20251001,2025-10-01,CL010,PR010,COM005,VIL004,20,3110.0,60458.0,45101.0,15357.0,60458.0,0.0,Mobile Money
V00463,20251001,2025-10-01,CL003,PR014,COM008,VIL001,1,1490.0,2172.0,1414.0,758.0,2172.0,0.0,Espèces
V01234,20251001,2025-10-01,CL005,PR004,COM004,VIL002,10,7520.0,89338.0,64033.0,25305.0,89338.0,0.0,Espèces
V00493,20251002,2025-10-02,CL006,PR006,COM008,VIL002,15,750.0,13365.0,8375.0,4990.0,4678.0,8687.0,Crédit
V01065,20251002,2025-10-02,CL009,PR012,COM001,VIL003,2,2880.0,5910.0,4001.0,1909.0,2955.0,2955.0,Crédit
V01378,20251002,2025-10-02,CL019,PR004,COM002,VIL008,2,7430.0,8827.0,6772.0,2055.0,7062.0,1765.0,Crédit
V01098,20251003,2025-10-03,CL015,PR003,COM006,VIL006,8,17650.0,118947.0,87610.0,31337.0,118947.0,0.0,Mobile Money
V00247,20251004,2025-10-04,CL020,PR012,COM007,VIL008,4,2730.0,6486.0,4776.0,1710.0,5189.0,1297.0,Crédit
V00234,20251004,2025-10-04,CL018,PR001,COM003,VIL007,2,18200.0,29484.0,22372.0,7112.0,29484.0,0.0,Espèces
V01073,20251004,2025-10-04,CL015,PR013,COM002,VIL006,4,2500.0,8424.0,5829.0,2595.0,8424.0,0.0,Espèces
V00042,20251004,2025-10-04,CL005,PR005,COM006,VIL002,20,1670.0,39679.0,30650.0,9029.0,39679.0,0.0,Espèces
V00051,20251005,2025-10-05,CL006,PR013,COM001,VIL002,15,2490.0,44372.0,31363.0,13009.0,35498.0,8874.0,Crédit
V01301,20251005,2025-10-05,CL016,PR005,COM001,VIL006,5,1690.0,7118.0,5223.0,1895.0,4627.0,2491.0,Crédit
V00014,20251005,2025-10-05,CL007,PR012,COM008,VIL002,8,2780.0,26421.0,18438.0,7983.0,13210.0,13211.0,Crédit
V01204,20251005,2025-10-05,CL017,PR002,COM004,VIL007,6,16190.0,78683.0,58903.0,19780.0,78683.0,0.0,Espèces
V00742,20251006,2025-10-06,CL014,PR005,COM008,VIL005,2,1700.0,2938.0,2229.0,709.0,2938.0,0.0,Crédit
V00714,20251006,2025-10-06,CL003,PR004,COM005,VIL001,10,7450.0,108621.0,80336.0,28285.0,38017.0,70604.0,Crédit
V00207,20251006,2025-10-06,CL020,PR015,COM004,VIL008,1,950.0,564.0,386.0,178.0,451.0,113.0,Crédit
V01134,20251006,2025-10-06,CL012,PR008,COM003,VIL004,5,880.0,4277.0,3013.0,1264.0,4277.0,0.0,Virement
V01275,20251006,2025-10-06,CL011,PR001,COM004,VIL004,3,17880.0,52138.0,40008.0,12130.0,18248.0,33890.0,Crédit
V00128,20251007,2025-10-07,CL012,PR014,COM002,VIL004,2,1470.0,2858.0,1905.0,953.0,2858.0,0.0,Espèces
V00489,20251007,2025-10-07,CL005,PR007,COM008,VIL002,3,1860.0,6629.0,4277.0,2352.0,6629.0,0.0,Virement
V00423,20251007,2025-10-07,CL017,PR010,COM005,VIL007,8,3190.0,20671.0,15552.0,5119.0,20671.0,0.0,Espèces
V00657,20251007,2025-10-07,CL009,PR008,COM008,VIL003,2,930.0,1908.0,1293.0,615.0,1908.0,0.0,Crédit
V00320,20251008,2025-10-08,CL006,PR001,COM008,VIL002,3,18030.0,64259.0,49575.0,14684.0,51407.0,12852.0,Crédit
V00089,20251008,2025-10-08,CL018,PR004,COM005,VIL007,6,7510.0,36499.0,27119.0,9380.0,12775.0,23724.0,Crédit
V01148,20251008,2025-10-08,CL016,PR013,COM008,VIL006,8,2490.0,16781.0,11928.0,4853.0,13425.0,3356.0,Crédit
V00864,20251009,2025-10-09,CL003,PR010,COM007,VIL001,4,3200.0,18662.0,13530.0,5132.0,18662.0,0.0,Mobile Money
V00911,20251009,2025-10-09,CL011,PR004,COM001,VIL004,5,7820.0,38005.0,27556.0,10449.0,38005.0,0.0,Espèces
V00370,20251009,2025-10-09,CL016,PR002,COM006,VIL006,5,14600.0,61495.0,49617.0,11878.0,61495.0,0.0,Crédit
V00645,20251009,2025-10-09,CL008,PR015,COM006,VIL003,1,950.0,975.0,657.0,318.0,780.0,195.0,Crédit
V01058,20251009,2025-10-09,CL018,PR008,COM003,VIL007,25,890.0,18022.0,12352.0,5670.0,9011.0,9011.0,Crédit
V01061,20251009,2025-10-09,CL012,PR003,COM004,VIL004,30,17510.0,510592.0,395993.0,114599.0,255296.0,255296.0,Crédit
V00173,20251009,2025-10-09,CL006,PR007,COM002,VIL002,10,1830.0,21740.0,14256.0,7484.0,21740.0,0.0,Espèces
V00734,20251010,2025-10-10,CL003,PR014,COM002,VIL001,6,1520.0,13297.0,8835.0,4462.0,13297.0,0.0,Crédit
V01278,20251010,2025-10-10,CL019,PR012,COM001,VIL008,15,2770.0,24681.0,17196.0,7485.0,24681.0,0.0,Virement
V01339,20251010,2025-10-10,CL005,PR012,COM003,VIL002,5,2870.0,17048.0,11642.0,5406.0,17048.0,0.0,Espèces
V00002,20251010,2025-10-10,CL006,PR011,COM005,VIL002,6,1230.0,8767.0,6130.0,2637.0,7014.0,1753.0,Crédit
V01469,20251011,2025-10-11,CL015,PR014,COM002,VIL006,40,1510.0,50881.0,32348.0,18533.0,17808.0,33073.0,Crédit
V00836,20251011,2025-10-11,CL011,PR011,COM001,VIL004,5,1230.0,5978.0,3839.0,2139.0,5978.0,0.0,Mobile Money
V01242,20251011,2025-10-11,CL002,PR005,COM005,VIL001,12,1710.0,29918.0,22395.0,7523.0,29918.0,0.0,Crédit
V00815,20251011,2025-10-11,CL005,PR006,COM004,VIL002,5,740.0,4396.0,2792.0,1604.0,3517.0,879.0,Crédit
V00402,20251011,2025-10-11,CL011,PR014,COM006,VIL004,12,1530.0,17846.0,11431.0,6415.0,17846.0,0.0,Mobile Money
V00602,20251012,2025-10-12,CL014,PR010,COM005,VIL005,2,3210.0,5547.0,4009.0,1538.0,5270.0,277.0,Mobile Money
V00210,20251012,2025-10-12,CL005,PR004,COM004,VIL002,2,7500.0,17820.0,13377.0,4443.0,11583.0,6237.0,Crédit
V00107,20251012,2025-10-12,CL003,PR013,COM002,VIL001,4,2590.0,15105.0,10031.0,5074.0,15105.0,0.0,Espèces
V01313,20251012,2025-10-12,CL004,PR006,COM003,VIL001,3,700.0,3062.0,2100.0,962.0,1990.0,1072.0,Crédit
V00766,20251012,2025-10-12,CL002,PR007,COM008,VIL001,12,1740.0,30443.0,21170.0,9273.0,30443.0,0.0,Espèces
V01441,20251012,2025-10-12,CL015,PR005,COM003,VIL006,1,1650.0,1390.0,1028.0,362.0,1390.0,0.0,Crédit
V00050,20251012,2025-10-12,CL001,PR011,COM007,VIL001,3,1190.0,5205.0,3543.0,1662.0,5205.0,0.0,Espèces
V00598,20251012,2025-10-12,CL018,PR009,COM003,VIL007,15,2190.0,26608.0,18104.0,8504.0,26608.0,0.0,Virement
V01498,20251012,2025-10-12,CL007,PR006,COM008,VIL002,5,720.0,4277.0,2792.0,1485.0,2138.0,2139.0,Crédit
V00112,20251012,2025-10-12,CL003,PR012,COM003,VIL001,3,2730.0,11941.0,8442.0,3499.0,11941.0,0.0,Crédit
V00025,20251013,2025-10-13,CL013,PR006,COM007,VIL005,3,730.0,1892.0,1244.0,648.0,1892.0,0.0,Virement
V01212,20251013,2025-10-13,CL001,PR011,COM008,VIL001,4,1270.0,7407.0,4724.0,2683.0,7407.0,0.0,Espèces
V00278,20251013,2025-10-13,CL004,PR004,COM006,VIL001,6,7840.0,68584.0,48726.0,19858.0,68584.0,0.0,Mobile Money
V00806,20251013,2025-10-13,CL002,PR013,COM007,VIL001,2,2470.0,7203.0,5103.0,2100.0,7203.0,0.0,Virement
V00690,20251013,2025-10-13,CL012,PR003,COM003,VIL004,4,17340.0,67418.0,50661.0,16757.0,67418.0,0.0,Espèces
V00955,20251014,2025-10-14,CL017,PR009,COM003,VIL007,1,2140.0,1733.0,1231.0,502.0,1733.0,0.0,Virement
V00160,20251014,2025-10-14,CL006,PR014,COM004,VIL002,3,1430.0,5097.0,3600.0,1497.0,4078.0,1019.0,Crédit
V00918,20251014,2025-10-14,CL006,PR013,COM002,VIL002,6,2490.0,17749.0,12331.0,5418.0,17749.0,0.0,Crédit
V00016,20251014,2025-10-14,CL019,PR007,COM007,VIL008,10,1760.0,10454.0,7187.0,3267.0,10454.0,0.0,Virement
V00725,20251014,2025-10-14,CL009,PR001,COM005,VIL003,12,17960.0,221124.0,171506.0,49618.0,221124.0,0.0,Espèces
V01416,20251014,2025-10-14,CL009,PR007,COM001,VIL003,10,1730.0,17750.0,12415.0,5335.0,17750.0,0.0,Virement
V00613,20251014,2025-10-14,CL019,PR010,COM008,VIL008,6,3140.0,11191.0,8625.0,2566.0,11191.0,0.0,Crédit
V00476,20251014,2025-10-14,CL002,PR004,COM007,VIL001,5,7530.0,54894.0,41261.0,13633.0,54894.0,0.0,Crédit
V01430,20251015,2025-10-15,CL014,PR014,COM003,VIL005,1,1510.0,1305.0,821.0,484.0,1305.0,0.0,Virement
V00249,20251015,2025-10-15,CL017,PR003,COM007,VIL007,15,17680.0,214812.0,161838.0,52974.0,214812.0,0.0,Mobile Money
V00990,20251015,2025-10-15,CL008,PR008,COM003,VIL003,40,870.0,35705.0,26266.0,9439.0,23208.0,12497.0,Crédit
V00213,20251015,2025-10-15,CL018,PR006,COM008,VIL007,12,770.0,7484.0,4666.0,2818.0,5987.0,1497.0,Crédit
V00106,20251015,2025-10-15,CL018,PR005,COM004,VIL007,8,1670.0,10822.0,8230.0,2592.0,8658.0,2164.0,Crédit
V01461,20251016,2025-10-16,CL019,PR002,COM002,VIL008,4,15750.0,37422.0,27657.0,9765.0,37422.0,0.0,Espèces
V01133,20251017,2025-10-17,CL019,PR011,COM005,VIL008,4,1200.0,2851.0,1901.0,950.0,2281.0,570.0,Crédit
V00559,20251017,2025-10-17,CL008,PR003,COM003,VIL003,8,16900.0,138715.0,108674.0,30041.0,69358.0,69357.0,Crédit
V01414,20251017,2025-10-17,CL005,PR011,COM002,VIL002,2,1190.0,2827.0,1877.0,950.0,2827.0,0.0,Espèces
V01254,20251017,2025-10-17,CL014,PR006,COM003,VIL005,6,760.0,3940.0,2488.0,1452.0,3940.0,0.0,Espèces
V00639,20251017,2025-10-17,CL011,PR002,COM001,VIL004,12,15740.0,183591.0,141134.0,42457.0,183591.0,0.0,Espèces
V00261,20251017,2025-10-17,CL008,PR007,COM008,VIL003,1,1790.0,1837.0,1180.0,657.0,1837.0,0.0,Virement
V00692,20251018,2025-10-18,CL009,PR010,COM008,VIL003,6,3320.0,20438.0,14097.0,6341.0,20438.0,0.0,Espèces
V00105,20251018,2025-10-18,CL003,PR011,COM002,VIL001,8,1230.0,14347.0,9331.0,5016.0,14347.0,0.0,Espèces
V00071,20251018,2025-10-18,CL002,PR007,COM006,VIL001,1,1790.0,2610.0,1750.0,860.0,2480.0,130.0,Virement
V00135,20251018,2025-10-18,CL009,PR011,COM001,VIL003,10,1220.0,12517.0,8311.0,4206.0,12517.0,0.0,Espèces
V00745,20251018,2025-10-18,CL015,PR004,COM003,VIL006,2,7860.0,13243.0,9704.0,3539.0,13243.0,0.0,Espèces
V00484,20251018,2025-10-18,CL016,PR004,COM004,VIL006,6,7870.0,39778.0,28861.0,10917.0,25856.0,13922.0,Crédit
V00716,20251019,2025-10-19,CL008,PR005,COM002,VIL003,12,1650.0,20315.0,15513.0,4802.0,20315.0,0.0,Mobile Money
V01012,20251019,2025-10-19,CL018,PR014,COM007,VIL007,2,1470.0,2381.0,1588.0,793.0,2381.0,0.0,Virement
V00860,20251020,2025-10-20,CL005,PR007,COM003,VIL002,2,1870.0,4443.0,2875.0,1568.0,4443.0,0.0,Espèces
V00596,20251020,2025-10-20,CL016,PR005,COM002,VIL006,40,1660.0,55935.0,41446.0,14489.0,55935.0,0.0,Espèces
V01260,20251020,2025-10-20,CL009,PR001,COM001,VIL003,3,17400.0,53557.0,43831.0,9726.0,53557.0,0.0,Mobile Money
V01087,20251020,2025-10-20,CL008,PR005,COM002,VIL003,6,1680.0,10342.0,7510.0,2832.0,9825.0,517.0,Virement
V01284,20251020,2025-10-20,CL017,PR007,COM008,VIL007,2,1820.0,2948.0,1976.0,972.0,2948.0,0.0,Mobile Money
V00852,20251020,2025-10-20,CL016,PR001,COM005,VIL006,3,17950.0,45363.0,36215.0,9148.0,22682.0,22681.0,Crédit
V00591,20251020,2025-10-20,CL018,PR002,COM008,VIL007,12,15250.0,148230.0,115182.0,33048.0,51880.0,96350.0,Crédit
V00686,20251020,2025-10-20,CL006,PR003,COM006,VIL002,2,17210.0,40891.0,31244.0,9647.0,32713.0,8178.0,Crédit
V00428,20251021,2025-10-21,CL003,PR014,COM005,VIL001,15,1470.0,32149.0,21651.0,10498.0,32149.0,0.0,Mobile Money
V00103,20251021,2025-10-21,CL017,PR001,COM003,VIL007,25,17600.0,356400.0,267300.0,89100.0,356400.0,0.0,Mobile Money
V00472,20251021,2025-10-21,CL019,PR012,COM004,VIL008,5,2960.0,8791.0,5821.0,2970.0,8791.0,0.0,Espèces
V01199,20251021,2025-10-21,CL003,PR015,COM006,VIL001,2,1010.0,2945.0,1895.0,1050.0,2945.0,0.0,Crédit
V00092,20251021,2025-10-21,CL007,PR006,COM001,VIL002,20,770.0,18295.0,11405.0,6890.0,18295.0,0.0,Espèces
V00551,20251021,2025-10-21,CL004,PR007,COM004,VIL001,15,1780.0,38929.0,26681.0,12248.0,38929.0,0.0,Mobile Money
V00654,20251021,2025-10-21,CL011,PR008,COM006,VIL004,3,900.0,2624.0,1808.0,816.0,2624.0,0.0,Crédit
V01334,20251022,2025-10-22,CL011,PR014,COM002,VIL004,5,1470.0,7144.0,4666.0,2478.0,7144.0,0.0,Mobile Money
V00291,20251022,2025-10-22,CL012,PR007,COM002,VIL004,4,1680.0,6532.0,4666.0,1866.0,5226.0,1306.0,Crédit
V00336,20251023,2025-10-23,CL003,PR004,COM005,VIL001,4,7240.0,42224.0,32718.0,9506.0,42224.0,0.0,Virement
V00837,20251023,2025-10-23,CL010,PR003,COM006,VIL004,8,16710.0,129937.0,102876.0,27061.0,103950.0,25987.0,Crédit
V01219,20251023,2025-10-23,CL012,PR008,COM001,VIL004,30,850.0,24786.0,18079.0,6707.0,24786.0,0.0,Espèces
V00227,20251023,2025-10-23,CL019,PR009,COM001,VIL008,8,2130.0,10122.0,7271.0,2851.0,10122.0,0.0,Mobile Money
V01001,20251023,2025-10-23,CL014,PR005,COM008,VIL005,10,1760.0,15206.0,10541.0,4665.0,12165.0,3041.0,Crédit
V00885,20251024,2025-10-24,CL004,PR003,COM001,VIL001,30,17480.0,764575.0,579555.0,185020.0,611660.0,152915.0,Crédit
V01426,20251025,2025-10-25,CL004,PR014,COM001,VIL001,4,1550.0,9040.0,5890.0,3150.0,4520.0,4520.0,Crédit
V00166,20251025,2025-10-25,CL008,PR007,COM007,VIL003,8,1820.0,14939.0,9521.0,5418.0,14939.0,0.0,Mobile Money
V00514,20251026,2025-10-26,CL019,PR003,COM008,VIL008,30,17840.0,317909.0,236115.0,81794.0,317909.0,0.0,Virement
V00741,20251026,2025-10-26,CL005,PR004,COM003,VIL002,3,7330.0,26124.0,19709.0,6415.0,26124.0,0.0,Virement
V01025,20251027,2025-10-27,CL002,PR007,COM005,VIL001,12,1820.0,31843.0,20820.0,11023.0,20698.0,11145.0,Crédit
V00149,20251027,2025-10-27,CL020,PR015,COM003,VIL008,15,1020.0,9088.0,5702.0,3386.0,9088.0,0.0,Virement
V01231,20251027,2025-10-27,CL020,PR002,COM007,VIL008,30,15280.0,272290.0,209563.0,62727.0,217832.0,54458.0,Crédit
V00849,20251027,2025-10-27,CL005,PR012,COM003,VIL002,3,2840.0,10122.0,7199.0,2923.0,10122.0,0.0,Espèces
V00867,20251027,2025-10-27,CL007,PR008,COM001,VIL002,6,910.0,6486.0,4277.0,2209.0,6486.0,0.0,Espèces
V01264,20251028,2025-10-28,CL001,PR012,COM001,VIL001,12,2760.0,48289.0,33242.0,15047.0,48289.0,0.0,Espèces
V00028,20251028,2025-10-28,CL003,PR012,COM001,VIL001,15,2720.0,59486.0,41553.0,17933.0,59486.0,0.0,Espèces
V01040,20251029,2025-10-29,CL010,PR006,COM008,VIL004,12,730.0,8515.0,5832.0,2683.0,6812.0,1703.0,Crédit
V00794,20251029,2025-10-29,CL015,PR010,COM006,VIL006,2,3210.0,5408.0,3926.0,1482.0,3515.0,1893.0,Crédit
V00605,20251029,2025-10-29,CL018,PR014,COM001,VIL007,25,1510.0,30578.0,19845.0,10733.0,24462.0,6116.0,Crédit
V00433,20251029,2025-10-29,CL017,PR004,COM008,VIL007,40,7350.0,238140.0,179820.0,58320.0,238140.0,0.0,Espèces
V00524,20251029,2025-10-29,CL012,PR003,COM004,VIL004,4,17510.0,68079.0,50350.0,17729.0,54463.0,13616.0,Crédit
V00302,20251029,2025-10-29,CL010,PR004,COM005,VIL004,3,7610.0,22191.0,16242.0,5949.0,22191.0,0.0,Mobile Money
V00553,20251030,2025-10-30,CL008,PR015,COM008,VIL003,4,1020.0,4186.0,2791.0,1395.0,4186.0,0.0,Mobile Money
V00334,20251030,2025-10-30,CL002,PR013,COM002,VIL001,3,2600.0,11372.0,7873.0,3499.0,7392.0,3980.0,Crédit
V00482,20251030,2025-10-30,CL013,PR004,COM008,VIL005,10,7740.0,66874.0,47520.0,19354.0,66874.0,0.0,Mobile Money
V00038,20251030,2025-10-30,CL003,PR003,COM006,VIL001,1,17060.0,24873.0,19493.0,5380.0,24873.0,0.0,Virement
V00388,20251031,2025-10-31,CL009,PR012,COM005,VIL003,25,2920.0,74898.0,49248.0,25650.0,74898.0,0.0,Mobile Money
V00545,20251031,2025-10-31,CL006,PR001,COM007,VIL002,4,17760.0,84396.0,64152.0,20244.0,54857.0,29539.0,Crédit
V00101,20251031,2025-10-31,CL007,PR006,COM008,VIL002,25,770.0,22869.0,14553.0,8316.0,22869.0,0.0,Espèces
V00084,20251031,2025-10-31,CL009,PR004,COM006,VIL003,12,7510.0,92463.0,70548.0,21915.0,92463.0,0.0,Mobile Money
V00090,20251031,2025-10-31,CL001,PR008,COM003,VIL001,20,890.0,25952.0,18371.0,7581.0,25952.0,0.0,Mobile Money
V01097,20251101,2025-11-01,CL011,PR009,COM005,VIL004,6,2100.0,12701.0,9012.0,3689.0,12701.0,0.0,Mobile Money
V00611,20251101,2025-11-01,CL006,PR009,COM005,VIL002,8,2190.0,21585.0,14685.0,6900.0,14030.0,7555.0,Crédit
V00582,20251101,2025-11-01,CL002,PR012,COM005,VIL001,12,2690.0,48807.0,35925.0,12882.0,46367.0,2440.0,Espèces
V01016,20251102,2025-11-02,CL017,PR003,COM006,VIL007,6,17920.0,90317.0,67032.0,23285.0,85801.0,4516.0,Espèces
V00589,20251102,2025-11-02,CL007,PR010,COM002,VIL002,10,3320.0,40902.0,28706.0,12196.0,40902.0,0.0,Virement
V00868,20251102,2025-11-02,CL004,PR013,COM005,VIL001,3,2450.0,11113.0,7666.0,3447.0,5556.0,5557.0,Crédit
V01080,20251102,2025-11-02,CL012,PR012,COM004,VIL004,5,2820.0,14213.0,9828.0,4385.0,9238.0,4975.0,Crédit
V00816,20251102,2025-11-02,CL001,PR002,COM005,VIL001,4,15220.0,92051.0,72878.0,19173.0,46026.0,46025.0,Crédit
V01086,20251103,2025-11-03,CL012,PR010,COM006,VIL004,20,3150.0,63504.0,46166.0,17338.0,50803.0,12701.0,Crédit
V00019,20251103,2025-11-03,CL010,PR009,COM006,VIL004,4,2240.0,9032.0,6129.0,2903.0,9032.0,0.0,Mobile Money
V01125,20251103,2025-11-03,CL019,PR012,COM002,VIL008,40,2800.0,68992.0,48294.0,20698.0,68992.0,0.0,Espèces
V00513,20251103,2025-11-03,CL004,PR002,COM005,VIL001,40,16170.0,977962.0,724550.0,253412.0,977962.0,0.0,Mobile Money
V00963,20251103,2025-11-03,CL010,PR010,COM006,VIL004,8,3160.0,25482.0,19273.0,6209.0,20386.0,5096.0,Crédit
V00459,20251103,2025-11-03,CL014,PR013,COM008,VIL005,1,2560.0,2294.0,1550.0,744.0,2294.0,0.0,Virement
V01126,20251104,2025-11-04,CL012,PR008,COM006,VIL004,2,900.0,1814.0,1210.0,604.0,1179.0,635.0,Crédit
V00093,20251104,2025-11-04,CL008,PR011,COM001,VIL003,15,1220.0,19471.0,12928.0,6543.0,15577.0,3894.0,Crédit
V01024,20251104,2025-11-04,CL009,PR005,COM008,VIL003,20,1680.0,35750.0,27026.0,8724.0,35750.0,0.0,Espèces
V01093,20251104,2025-11-04,CL011,PR006,COM005,VIL004,12,750.0,9072.0,5685.0,3387.0,4536.0,4536.0,Crédit
V01500,20251104,2025-11-04,CL014,PR006,COM001,VIL005,10,750.0,6720.0,4211.0,2509.0,6720.0,0.0,Crédit
V00590,20251104,2025-11-04,CL001,PR014,COM005,VIL001,3,1470.0,6668.0,4264.0,2404.0,4334.0,2334.0,Crédit
V00361,20251105,2025-11-05,CL015,PR015,COM001,VIL006,3,1020.0,2673.0,1756.0,917.0,2673.0,0.0,Espèces
V00723,20251105,2025-11-05,CL001,PR012,COM008,VIL001,15,2850.0,64638.0,44906.0,19732.0,64638.0,0.0,Virement
V00865,20251105,2025-11-05,CL016,PR010,COM003,VIL006,25,3250.0,70980.0,52198.0,18782.0,46137.0,24843.0,Crédit
V00775,20251105,2025-11-05,CL004,PR007,COM005,VIL001,12,1870.0,33929.0,22136.0,11793.0,22054.0,11875.0,Crédit
V01144,20251105,2025-11-05,CL010,PR007,COM006,VIL004,4,1870.0,7540.0,4879.0,2661.0,7540.0,0.0,Espèces
V00650,20251106,2025-11-06,CL018,PR012,COM005,VIL007,15,2770.0,34902.0,24444.0,10458.0,27922.0,6980.0,Crédit
V00477,20251106,2025-11-06,CL019,PR009,COM005,VIL008,12,2220.0,16410.0,11088.0,5322.0,16410.0,0.0,Mobile Money
V01163,20251106,2025-11-06,CL003,PR009,COM007,VIL001,15,2170.0,49216.0,33793.0,15423.0,49216.0,0.0,Virement
V00297,20251107,2025-11-07,CL020,PR004,COM005,VIL008,10,7500.0,46200.0,36344.0,9856.0,46200.0,0.0,Mobile Money
V01150,20251107,2025-11-07,CL007,PR006,COM008,VIL002,4,740.0,3647.0,2415.0,1232.0,3647.0,0.0,Virement
V01007,20251107,2025-11-07,CL010,PR004,COM001,VIL004,5,7800.0,39312.0,27972.0,11340.0,39312.0,0.0,Mobile Money
V01158,20251107,2025-11-07,CL006,PR005,COM007,VIL002,1,1720.0,2119.0,1552.0,567.0,2119.0,0.0,Mobile Money
V00780,20251107,2025-11-07,CL014,PR007,COM002,VIL005,30,1790.0,48115.0,31718.0,16397.0,48115.0,0.0,Crédit
V00560,20251107,2025-11-07,CL009,PR008,COM006,VIL003,5,930.0,4948.0,3405.0,1543.0,4948.0,0.0,Crédit
V00856,20251107,2025-11-07,CL008,PR011,COM007,VIL003,3,1130.0,3607.0,2586.0,1021.0,3607.0,0.0,Espèces
V00882,20251107,2025-11-07,CL009,PR004,COM008,VIL003,20,7120.0,151514.0,120445.0,31069.0,98484.0,53030.0,Crédit
V01465,20251107,2025-11-07,CL015,PR007,COM006,VIL006,2,1840.0,3215.0,2149.0,1066.0,3215.0,0.0,Virement
V01310,20251108,2025-11-08,CL004,PR010,COM004,VIL001,8,3200.0,38707.0,28668.0,10039.0,38707.0,0.0,Espèces
V01127,20251108,2025-11-08,CL020,PR001,COM004,VIL008,5,18110.0,55779.0,43212.0,12567.0,55779.0,0.0,Mobile Money
V00146,20251108,2025-11-08,CL006,PR009,COM004,VIL002,8,2130.0,20993.0,14784.0,6209.0,13645.0,7348.0,Crédit
V00835,20251108,2025-11-08,CL012,PR003,COM005,VIL004,3,17490.0,52890.0,39887.0,13003.0,42312.0,10578.0,Crédit
V01401,20251108,2025-11-08,CL011,PR006,COM008,VIL004,12,790.0,9556.0,5685.0,3871.0,9556.0,0.0,Espèces
V00643,20251108,2025-11-08,CL020,PR014,COM006,VIL008,12,1530.0,11310.0,7170.0,4140.0,9048.0,2262.0,Crédit
V01314,20251108,2025-11-08,CL020,PR002,COM008,VIL008,12,15570.0,115093.0,89813.0,25280.0,40283.0,74810.0,Crédit
V00151,20251109,2025-11-09,CL004,PR011,COM004,VIL001,1,1190.0,1799.0,1240.0,559.0,1799.0,0.0,Mobile Money
V01042,20251109,2025-11-09,CL020,PR010,COM002,VIL008,10,3170.0,19527.0,14230.0,5297.0,19527.0,0.0,Virement
V00125,20251109,2025-11-09,CL012,PR007,COM004,VIL004,2,1700.0,3427.0,2399.0,1028.0,3427.0,0.0,Espèces
V01347,20251109,2025-11-09,CL018,PR001,COM001,VIL007,10,18120.0,152208.0,120204.0,32004.0,98935.0,53273.0,Crédit
V00232,20251109,2025-11-09,CL019,PR004,COM006,VIL008,2,7660.0,9437.0,6998.0,2439.0,9437.0,0.0,Espèces
V00006,20251110,2025-11-10,CL005,PR006,COM004,VIL002,10,720.0,8870.0,6037.0,2833.0,8870.0,0.0,Espèces
V00610,20251110,2025-11-10,CL006,PR011,COM003,VIL002,3,1180.0,4361.0,3031.0,1330.0,2180.0,2181.0,Crédit
V00037,20251110,2025-11-10,CL004,PR013,COM001,VIL001,6,2430.0,22045.0,16057.0,5988.0,11022.0,11023.0,Crédit
V01247,20251110,2025-11-10,CL005,PR005,COM004,VIL002,15,1660.0,30677.0,22730.0,7947.0,30677.0,0.0,Virement
V01292,20251110,2025-11-10,CL004,PR014,COM001,VIL001,1,1500.0,2268.0,1467.0,801.0,1474.0,794.0,Crédit
V01486,20251111,2025-11-11,CL013,PR006,COM003,VIL005,3,710.0,1908.0,1317.0,591.0,1908.0,0.0,Espèces
V00668,20251111,2025-11-11,CL017,PR003,COM002,VIL007,2,17770.0,29854.0,22562.0,7292.0,14927.0,14927.0,Crédit
V01419,20251111,2025-11-11,CL017,PR011,COM006,VIL007,1,1220.0,1025.0,672.0,353.0,1025.0,0.0,Espèces
V01280,20251112,2025-11-12,CL001,PR013,COM002,VIL001,10,2480.0,37498.0,26006.0,11492.0,24374.0,13124.0,Crédit
V00427,20251112,2025-11-12,CL008,PR008,COM004,VIL003,2,840.0,1788.0,1319.0,469.0,1788.0,0.0,Mobile Money
V00829,20251112,2025-11-12,CL001,PR011,COM002,VIL001,25,1170.0,44226.0,32130.0,12096.0,22113.0,22113.0,Crédit
V00492,20251113,2025-11-13,CL009,PR010,COM005,VIL003,1,3300.0,3511.0,2405.0,1106.0,3511.0,0.0,Espèces
V01214,20251113,2025-11-13,CL011,PR011,COM006,VIL004,2,1120.0,2258.0,1653.0,605.0,1468.0,790.0,Crédit
V00504,20251113,2025-11-13,CL010,PR004,COM006,VIL004,8,7430.0,59916.0,43949.0,15967.0,59916.0,0.0,Mobile Money
V01325,20251113,2025-11-13,CL013,PR015,COM005,VIL005,3,970.0,2607.0,1720.0,887.0,2607.0,0.0,Mobile Money
V01023,20251114,2025-11-14,CL005,PR009,COM007,VIL002,3,2240.0,8279.0,5507.0,2772.0,6623.0,1656.0,Crédit
V00921,20251115,2025-11-15,CL006,PR015,COM007,VIL002,3,980.0,3622.0,2365.0,1257.0,3622.0,0.0,Crédit
V01408,20251116,2025-11-16,CL019,PR003,COM008,VIL008,4,17680.0,43564.0,32180.0,11384.0,43564.0,0.0,Virement
V01245,20251116,2025-11-16,CL004,PR006,COM001,VIL001,10,760.0,11491.0,7258.0,4233.0,11491.0,0.0,Espèces
V00396,20251116,2025-11-16,CL018,PR012,COM004,VIL007,20,2930.0,49224.0,32424.0,16800.0,31996.0,17228.0,Crédit
V00558,20251116,2025-11-16,CL015,PR006,COM007,VIL006,20,750.0,13104.0,8212.0,4892.0,6552.0,6552.0,Crédit
V00812,20251117,2025-11-17,CL002,PR007,COM008,VIL001,2,1820.0,5504.0,3689.0,1815.0,5229.0,275.0,Mobile Money
V00781,20251117,2025-11-17,CL016,PR001,COM006,VIL006,2,17330.0,30279.0,24828.0,5451.0,30279.0,0.0,Espèces
V01201,20251117,2025-11-17,CL018,PR011,COM005,VIL007,3,1240.0,3125.0,2092.0,1033.0,3125.0,0.0,Crédit
V01371,20251118,2025-11-18,CL006,PR009,COM007,VIL002,3,2160.0,7983.0,5359.0,2624.0,7584.0,399.0,Mobile Money
V01141,20251118,2025-11-18,CL005,PR011,COM007,VIL002,4,1180.0,5815.0,4041.0,1774.0,5815.0,0.0,Mobile Money
V00517,20251118,2025-11-18,CL009,PR003,COM001,VIL003,6,17490.0,111656.0,85418.0,26238.0,111656.0,0.0,Espèces
V00904,20251119,2025-11-19,CL012,PR001,COM005,VIL004,6,17300.0,104630.0,82918.0,21712.0,36620.0,68010.0,Crédit
V01324,20251120,2025-11-20,CL020,PR004,COM002,VIL008,1,7540.0,4645.0,3450.0,1195.0,3716.0,929.0,Crédit
V01375,20251120,2025-11-20,CL008,PR005,COM006,VIL003,6,1740.0,11108.0,7980.0,3128.0,5554.0,5554.0,Crédit
V01004,20251120,2025-11-20,CL003,PR007,COM006,VIL001,3,1810.0,8210.0,5625.0,2585.0,8210.0,0.0,Espèces
V00375,20251120,2025-11-20,CL009,PR011,COM002,VIL003,5,1150.0,6118.0,4522.0,1596.0,3977.0,2141.0,Crédit
V00035,20251121,2025-11-21,CL017,PR002,COM001,VIL007,40,15450.0,519120.0,383376.0,135744.0,519120.0,0.0,Espèces
V00565,20251121,2025-11-21,CL012,PR012,COM005,VIL004,30,2850.0,86184.0,61992.0,24192.0,86184.0,0.0,Espèces
V00389,20251122,2025-11-22,CL002,PR005,COM003,VIL001,5,1620.0,12247.0,9299.0,2948.0,12247.0,0.0,Mobile Money
V00362,20251122,2025-11-22,CL006,PR012,COM007,VIL002,4,2720.0,13404.0,9807.0,3597.0,6702.0,6702.0,Crédit
V01389,20251122,2025-11-22,CL003,PR006,COM006,VIL001,10,770.0,11642.0,7409.0,4233.0,11642.0,0.0,Espèces
V00358,20251122,2025-11-22,CL012,PR014,COM006,VIL004,5,1510.0,7610.0,4838.0,2772.0,4946.0,2664.0,Crédit
V00048,20251122,2025-11-22,CL017,PR012,COM007,VIL007,8,2830.0,19018.0,13238.0,5780.0,18067.0,951.0,Espèces
V00364,20251123,2025-11-23,CL008,PR013,COM006,VIL003,6,2620.0,16726.0,11172.0,5554.0,16726.0,0.0,Espèces
V01304,20251123,2025-11-23,CL002,PR001,COM008,VIL001,4,18210.0,110134.0,85640.0,24494.0,88107.0,22027.0,Crédit
V00579,20251123,2025-11-23,CL006,PR014,COM007,VIL002,10,1520.0,18726.0,12074.0,6652.0,18726.0,0.0,Espèces
V01384,20251124,2025-11-24,CL001,PR009,COM002,VIL001,5,2350.0,17766.0,11642.0,6124.0,8883.0,8883.0,Crédit
V00740,20251124,2025-11-24,CL018,PR013,COM008,VIL007,5,2490.0,10458.0,7350.0,3108.0,10458.0,0.0,Crédit
V00304,20251124,2025-11-24,CL006,PR005,COM007,VIL002,40,1670.0,82298.0,61600.0,20698.0,41149.0,41149.0,Crédit
V00828,20251124,2025-11-24,CL004,PR009,COM002,VIL001,4,2220.0,13427.0,9253.0,4174.0,13427.0,0.0,Virement
V01471,20251124,2025-11-24,CL013,PR007,COM006,VIL005,20,1820.0,32614.0,21683.0,10931.0,21199.0,11415.0,Crédit
V00095,20251124,2025-11-24,CL015,PR014,COM005,VIL006,5,1480.0,6465.0,4324.0,2141.0,6465.0,0.0,Espèces
V00179,20251125,2025-11-25,CL019,PR004,COM006,VIL008,1,7310.0,4503.0,3406.0,1097.0,4503.0,0.0,Espèces
V01315,20251126,2025-11-26,CL004,PR012,COM005,VIL001,1,2960.0,4476.0,2888.0,1588.0,4476.0,0.0,Virement
V01428,20251126,2025-11-26,CL007,PR008,COM005,VIL002,2,910.0,2242.0,1503.0,739.0,1794.0,448.0,Crédit
V01206,20251126,2025-11-26,CL006,PR013,COM007,VIL002,10,2450.0,30184.0,21314.0,8870.0,30184.0,0.0,Crédit
V01037,20251126,2025-11-26,CL007,PR011,COM001,VIL002,3,1230.0,4546.0,3068.0,1478.0,4546.0,0.0,Mobile Money
V00220,20251126,2025-11-26,CL011,PR007,COM002,VIL004,4,1800.0,7258.0,4919.0,2339.0,7258.0,0.0,Espèces
V00592,20251126,2025-11-26,CL007,PR005,COM004,VIL002,4,1690.0,8328.0,6160.0,2168.0,2915.0,5413.0,Crédit
V00067,20251127,2025-11-27,CL020,PR013,COM006,VIL008,4,2540.0,6259.0,4435.0,1824.0,6259.0,0.0,Espèces
V00345,20251127,2025-11-27,CL015,PR009,COM007,VIL006,5,2130.0,9304.0,6727.0,2577.0,6048.0,3256.0,Crédit
V00843,20251128,2025-11-28,CL011,PR009,COM005,VIL004,8,2220.0,17902.0,12177.0,5725.0,17902.0,0.0,Espèces
V01287,20251128,2025-11-28,CL006,PR011,COM006,VIL002,20,1260.0,31046.0,19958.0,11088.0,15523.0,15523.0,Crédit
V00202,20251128,2025-11-28,CL004,PR014,COM001,VIL001,20,1520.0,45965.0,30542.0,15423.0,36772.0,9193.0,Crédit
V01108,20251128,2025-11-28,CL006,PR013,COM005,VIL002,10,2480.0,30554.0,21560.0,8994.0,24443.0,6111.0,Crédit
V01390,20251128,2025-11-28,CL004,PR009,COM003,VIL001,6,2170.0,19686.0,13608.0,6078.0,19686.0,0.0,Crédit
V01154,20251128,2025-11-28,CL008,PR015,COM004,VIL003,5,990.0,5267.0,3458.0,1809.0,1843.0,3424.0,Crédit
V00840,20251129,2025-11-29,CL002,PR015,COM004,VIL001,3,990.0,4491.0,2903.0,1588.0,4491.0,0.0,Crédit
V00943,20251130,2025-11-30,CL001,PR014,COM008,VIL001,2,1490.0,4506.0,2873.0,1633.0,4506.0,0.0,Espèces
V00642,20251201,2025-12-01,CL018,PR014,COM001,VIL007,1,1530.0,1434.0,928.0,506.0,1434.0,0.0,Espèces
V01354,20251201,2025-12-01,CL002,PR007,COM006,VIL001,1,1720.0,2902.0,1991.0,911.0,1886.0,1016.0,Crédit
V00153,20251201,2025-12-01,CL002,PR003,COM003,VIL001,4,17880.0,120690.0,94568.0,26122.0,78448.0,42242.0,Crédit
V00324,20251201,2025-12-01,CL018,PR010,COM008,VIL007,12,3170.0,35662.0,25875.0,9787.0,28530.0,7132.0,Crédit
V00529,20251201,2025-12-01,CL011,PR003,COM006,VIL004,12,17660.0,238410.0,173745.0,64665.0,238410.0,0.0,Espèces
V01170,20251201,2025-12-01,CL020,PR011,COM006,VIL008,5,1170.0,4022.0,2853.0,1169.0,2614.0,1408.0,Crédit
V00669,20251202,2025-12-02,CL019,PR007,COM003,VIL008,4,1860.0,5115.0,3410.0,1705.0,5115.0,0.0,Espèces
V01081,20251202,2025-12-02,CL008,PR014,COM005,VIL003,4,1550.0,7362.0,4655.0,2707.0,5890.0,1472.0,Crédit
V00804,20251202,2025-12-02,CL018,PR001,COM004,VIL007,2,18430.0,34556.0,26550.0,8006.0,27645.0,6911.0,Crédit
V00969,20251202,2025-12-02,CL001,PR009,COM005,VIL001,5,2120.0,17888.0,12150.0,5738.0,14310.0,3578.0,Crédit
V00715,20251202,2025-12-02,CL003,PR011,COM007,VIL001,15,1220.0,30881.0,20503.0,10378.0,30881.0,0.0,Espèces
V01103,20251202,2025-12-02,CL016,PR003,COM001,VIL006,6,17680.0,103428.0,75582.0,27846.0,103428.0,0.0,Mobile Money
V01006,20251203,2025-12-03,CL003,PR015,COM007,VIL001,2,960.0,3240.0,2126.0,1114.0,1134.0,2106.0,Crédit
V00530,20251203,2025-12-03,CL007,PR002,COM002,VIL002,5,15490.0,106494.0,81331.0,25163.0,106494.0,0.0,Virement
V00061,20251203,2025-12-03,CL006,PR004,COM004,VIL002,6,7570.0,62453.0,44138.0,18315.0,21859.0,40594.0,Crédit
V00733,20251203,2025-12-03,CL019,PR007,COM003,VIL008,6,1830.0,7549.0,4826.0,2723.0,7549.0,0.0,Mobile Money
V00577,20251204,2025-12-04,CL010,PR010,COM003,VIL004,12,3210.0,43335.0,31320.0,12015.0,43335.0,0.0,Espèces
V00264,20251204,2025-12-04,CL013,PR013,COM002,VIL005,5,2520.0,12600.0,8600.0,4000.0,10080.0,2520.0,Crédit
V01067,20251204,2025-12-04,CL017,PR013,COM002,VIL007,3,2590.0,7284.0,4950.0,2334.0,7284.0,0.0,Espèces
V00586,20251204,2025-12-04,CL014,PR004,COM003,VIL005,12,7730.0,92760.0,67560.0,25200.0,92760.0,0.0,Virement
V00527,20251204,2025-12-04,CL013,PR002,COM003,VIL005,2,14390.0,28780.0,24020.0,4760.0,28780.0,0.0,Espèces
V00452,20251204,2025-12-04,CL013,PR001,COM001,VIL005,6,17860.0,107160.0,85260.0,21900.0,107160.0,0.0,Mobile Money
V01262,20251204,2025-12-04,CL009,PR004,COM002,VIL003,15,7470.0,133059.0,102066.0,30993.0,133059.0,0.0,Virement
V00438,20251205,2025-12-05,CL012,PR010,COM005,VIL004,4,3060.0,13770.0,10575.0,3195.0,11016.0,2754.0,Crédit
V00024,20251205,2025-12-05,CL004,PR003,COM008,VIL001,6,17540.0,177592.0,134460.0,43132.0,142074.0,35518.0,Crédit
V01182,20251205,2025-12-05,CL003,PR006,COM007,VIL001,2,770.0,2599.0,1620.0,979.0,2599.0,0.0,Virement
V00499,20251205,2025-12-05,CL006,PR002,COM006,VIL002,4,15080.0,82940.0,65065.0,17875.0,66352.0,16588.0,Crédit
V00862,20251205,2025-12-05,CL016,PR010,COM007,VIL006,1,3230.0,3149.0,2272.0,877.0,3149.0,0.0,Virement
V00421,20251205,2025-12-05,CL008,PR008,COM008,VIL003,15,880.0,15675.0,11044.0,4631.0,5486.0,10189.0,Crédit
V00722,20251206,2025-12-06,CL004,PR009,COM008,VIL001,5,2160.0,18225.0,12488.0,5737.0,9112.0,9113.0,Crédit
V00693,20251206,2025-12-06,CL006,PR003,COM004,VIL002,2,18150.0,49913.0,36602.0,13311.0,32443.0,17470.0,Crédit
V01143,20251206,2025-12-06,CL005,PR003,COM006,VIL002,1,17260.0,23733.0,18122.0,5611.0,23733.0,0.0,Virement
V00491,20251207,2025-12-07,CL011,PR002,COM006,VIL004,6,15680.0,105840.0,78570.0,27270.0,84672.0,21168.0,Crédit
V01273,20251207,2025-12-07,CL005,PR014,COM004,VIL002,12,1430.0,23595.0,16005.0,7590.0,15337.0,8258.0,Crédit
V00470,20251207,2025-12-07,CL004,PR013,COM007,VIL001,30,2620.0,132638.0,86569.0,46069.0,106110.0,26528.0,Crédit
V00348,20251208,2025-12-08,CL011,PR002,COM001,VIL004,6,15730.0,106178.0,81202.0,24976.0,106178.0,0.0,Espèces
V00764,20251208,2025-12-08,CL011,PR010,COM004,VIL004,3,3190.0,10766.0,7931.0,2835.0,10766.0,0.0,Mobile Money
V00409,20251208,2025-12-08,CL001,PR010,COM007,VIL001,5,3250.0,27422.0,19491.0,7931.0,21938.0,5484.0,Crédit
V00382,20251208,2025-12-08,CL006,PR012,COM008,VIL002,15,2700.0,55688.0,40838.0,14850.0,55688.0,0.0,Mobile Money
V00754,20251208,2025-12-08,CL011,PR005,COM005,VIL004,10,1750.0,19688.0,13950.0,5738.0,19688.0,0.0,Espèces
V00680,20251208,2025-12-08,CL010,PR012,COM004,VIL004,1,2780.0,3128.0,2138.0,990.0,3128.0,0.0,Mobile Money
V01443,20251208,2025-12-08,CL016,PR011,COM002,VIL006,15,1190.0,17404.0,12285.0,5119.0,17404.0,0.0,Crédit
V00181,20251209,2025-12-09,CL019,PR004,COM003,VIL008,25,7410.0,127359.0,95219.0,32140.0,127359.0,0.0,Espèces
V01447,20251209,2025-12-09,CL012,PR005,COM003,VIL004,4,1680.0,7560.0,5580.0,1980.0,7560.0,0.0,Espèces
V00286,20251209,2025-12-09,CL005,PR008,COM003,VIL002,8,920.0,10120.0,6820.0,3300.0,10120.0,0.0,Espèces
V00319,20251209,2025-12-09,CL003,PR004,COM005,VIL001,2,7550.0,25481.0,19339.0,6142.0,16563.0,8918.0,Crédit
V00936,20251210,2025-12-10,CL012,PR013,COM008,VIL004,3,2540.0,8572.0,5906.0,2666.0,8572.0,0.0,Mobile Money
V01109,20251210,2025-12-10,CL011,PR008,COM005,VIL004,20,900.0,20250.0,13725.0,6525.0,20250.0,0.0,Virement
V00081,20251210,2025-12-10,CL006,PR007,COM002,VIL002,3,1820.0,7508.0,4991.0,2517.0,4880.0,2628.0,Crédit
V00694,20251212,2025-12-12,CL005,PR005,COM001,VIL002,6,1680.0,13860.0,10230.0,3630.0,13860.0,0.0,Virement
V00926,20251212,2025-12-12,CL012,PR009,COM002,VIL004,6,2320.0,15660.0,10530.0,5130.0,15660.0,0.0,Virement
V00383,20251212,2025-12-12,CL004,PR015,COM004,VIL001,20,960.0,32400.0,21938.0,10462.0,21060.0,11340.0,Crédit
V00949,20251212,2025-12-12,CL016,PR015,COM004,VIL006,15,1030.0,15064.0,9068.0,5996.0,15064.0,0.0,Virement
V00571,20251213,2025-12-13,CL004,PR012,COM008,VIL001,10,2900.0,48938.0,33075.0,15863.0,31810.0,17128.0,Crédit
V00640,20251213,2025-12-13,CL009,PR010,COM008,VIL003,6,3130.0,22301.0,17385.0,4916.0,22301.0,0.0,Espèces
V00763,20251213,2025-12-13,CL001,PR009,COM005,VIL001,2,2320.0,7830.0,5231.0,2599.0,5090.0,2740.0,Crédit
V01421,20251213,2025-12-13,CL007,PR011,COM002,VIL002,3,1230.0,5074.0,3506.0,1568.0,5074.0,0.0,Espèces
V00965,20251213,2025-12-13,CL010,PR003,COM002,VIL004,4,17920.0,80640.0,58185.0,22455.0,76608.0,4032.0,Espèces
V00776,20251214,2025-12-14,CL009,PR003,COM002,VIL003,5,17510.0,103966.0,79800.0,24166.0,103966.0,0.0,Mobile Money
V01295,20251214,2025-12-14,CL002,PR014,COM004,VIL001,12,1490.0,30173.0,19642.0,10531.0,30173.0,0.0,Espèces
V00340,20251214,2025-12-14,CL012,PR014,COM008,VIL004,5,1490.0,8381.0,5512.0,2869.0,8381.0,0.0,Espèces
V00671,20251214,2025-12-14,CL001,PR003,COM005,VIL001,4,17670.0,119273.0,86805.0,32468.0,119273.0,0.0,Crédit
V01269,20251214,2025-12-14,CL010,PR001,COM004,VIL004,12,18630.0,251505.0,186570.0,64935.0,201204.0,50301.0,Crédit
V00448,20251215,2025-12-15,CL019,PR009,COM005,VIL008,10,2210.0,15194.0,10175.0,5019.0,15194.0,0.0,Mobile Money
V01440,20251215,2025-12-15,CL004,PR005,COM002,VIL001,3,1660.0,8404.0,6429.0,1975.0,8404.0,0.0,Mobile Money
V00293,20251215,2025-12-15,CL007,PR004,COM008,VIL002,6,7650.0,63113.0,46943.0,16170.0,63113.0,0.0,Virement
V00684,20251216,2025-12-16,CL013,PR009,COM008,VIL005,5,2250.0,11250.0,7550.0,3700.0,11250.0,0.0,Mobile Money
V01054,20251216,2025-12-16,CL004,PR013,COM006,VIL001,5,2540.0,21431.0,14344.0,7087.0,20359.0,1072.0,Virement
V01083,20251216,2025-12-16,CL006,PR012,COM006,VIL002,10,2850.0,39188.0,26675.0,12513.0,25472.0,13716.0,Crédit
V00274,20251216,2025-12-16,CL008,PR007,COM008,VIL003,10,1790.0,21256.0,14012.0,7244.0,10628.0,10628.0,Crédit
V00751,20251217,2025-12-17,CL011,PR009,COM002,VIL004,2,2150.0,4838.0,3442.0,1396.0,4838.0,0.0,Virement
V00451,20251217,2025-12-17,CL019,PR008,COM003,VIL008,8,880.0,4840.0,3465.0,1375.0,4840.0,0.0,Espèces
V00195,20251217,2025-12-17,CL004,PR012,COM006,VIL001,8,2690.0,36315.0,26865.0,9450.0,12710.0,23605.0,Crédit
V01448,20251217,2025-12-17,CL010,PR003,COM008,VIL004,5,17600.0,99000.0,73125.0,25875.0,64350.0,34650.0,Crédit
V00649,20251217,2025-12-17,CL017,PR015,COM003,VIL007,3,1000.0,2812.0,1716.0,1096.0,2812.0,0.0,Espèces
V01223,20251217,2025-12-17,CL003,PR013,COM006,VIL001,4,2470.0,16672.0,11408.0,5264.0,16672.0,0.0,Crédit
V01376,20251217,2025-12-17,CL011,PR009,COM001,VIL004,2,2040.0,4590.0,3465.0,1125.0,4590.0,0.0,Virement
V00683,20251217,2025-12-17,CL013,PR004,COM006,VIL005,4,7270.0,29080.0,22240.0,6840.0,29080.0,0.0,Espèces
V00515,20251217,2025-12-17,CL013,PR004,COM006,VIL005,20,7710.0,154200.0,110400.0,43800.0,154200.0,0.0,Espèces
V01369,20251218,2025-12-18,CL018,PR014,COM008,VIL007,2,1480.0,2775.0,1894.0,881.0,2220.0,555.0,Crédit
V00200,20251218,2025-12-18,CL020,PR004,COM001,VIL008,25,7570.0,130109.0,98656.0,31453.0,130109.0,0.0,Mobile Money
V01210,20251218,2025-12-18,CL018,PR010,COM007,VIL007,3,3090.0,8691.0,6609.0,2082.0,6953.0,1738.0,Crédit
V00999,20251218,2025-12-18,CL001,PR011,COM008,VIL001,4,1240.0,8370.0,5535.0,2835.0,4185.0,4185.0,Crédit
V00853,20251218,2025-12-18,CL015,PR002,COM001,VIL006,4,15440.0,60216.0,45903.0,14313.0,60216.0,0.0,Mobile Money
V00337,20251218,2025-12-18,CL019,PR008,COM002,VIL008,5,910.0,3128.0,2131.0,997.0,3128.0,0.0,Virement
V01243,20251218,2025-12-18,CL011,PR013,COM008,VIL004,5,2650.0,14906.0,10181.0,4725.0,14906.0,0.0,Espèces
V01377,20251218,2025-12-18,CL014,PR005,COM008,VIL005,10,1760.0,17600.0,12600.0,5000.0,17600.0,0.0,Mobile Money
V00503,20251218,2025-12-18,CL008,PR005,COM006,VIL003,1,1690.0,2007.0,1508.0,499.0,2007.0,0.0,Crédit
V00466,20251219,2025-12-19,CL015,PR012,COM001,VIL006,12,2760.0,32292.0,23400.0,8892.0,32292.0,0.0,Crédit
V00609,20251219,2025-12-19,CL006,PR010,COM003,VIL002,2,3170.0,8718.0,6325.0,2393.0,8718.0,0.0,Crédit
V01226,20251220,2025-12-20,CL013,PR003,COM003,VIL005,15,17720.0,265800.0,201000.0,64800.0,265800.0,0.0,Mobile Money
V00355,20251220,2025-12-20,CL003,PR015,COM001,VIL001,5,1000.0,8438.0,5484.0,2954.0,8438.0,0.0,Virement
V00064,20251220,2025-12-20,CL019,PR002,COM002,VIL008,15,15350.0,158297.0,115603.0,42694.0,158297.0,0.0,Mobile Money
V00208,20251220,2025-12-20,CL019,PR013,COM005,VIL008,1,2590.0,1781.0,1155.0,626.0,1781.0,0.0,Virement
V00417,20251220,2025-12-20,CL006,PR010,COM001,VIL002,8,3190.0,35090.0,25300.0,9790.0,35090.0,0.0,Mobile Money
V00861,20251220,2025-12-20,CL013,PR009,COM006,VIL005,5,2330.0,11650.0,7600.0,4050.0,11650.0,0.0,Mobile Money
V00797,20251220,2025-12-20,CL004,PR011,COM001,VIL001,8,1200.0,16200.0,11070.0,5130.0,16200.0,0.0,Crédit
V00404,20251221,2025-12-21,CL005,PR015,COM006,VIL002,20,1040.0,28600.0,17875.0,10725.0,28600.0,0.0,Espèces
V01233,20251221,2025-12-21,CL019,PR010,COM007,VIL008,10,3230.0,22206.0,16775.0,5431.0,22206.0,0.0,Espèces
V00959,20251221,2025-12-21,CL010,PR002,COM005,VIL004,2,15870.0,35708.0,25875.0,9833.0,23210.0,12498.0,Crédit
V00046,20251221,2025-12-21,CL012,PR014,COM007,VIL004,30,1470.0,49612.0,33075.0,16537.0,49612.0,0.0,Espèces
V00947,20251222,2025-12-22,CL016,PR001,COM006,VIL006,3,17620.0,51538.0,41213.0,10325.0,18038.0,33500.0,Crédit
V00325,20251222,2025-12-22,CL016,PR007,COM004,VIL006,6,1820.0,10647.0,6903.0,3744.0,10647.0,0.0,Crédit
V00441,20251222,2025-12-22,CL004,PR015,COM006,VIL001,3,1020.0,5164.0,3291.0,1873.0,5164.0,0.0,Crédit
V00012,20251223,2025-12-23,CL005,PR008,COM005,VIL002,15,900.0,18562.0,12375.0,6187.0,18562.0,0.0,Mobile Money
V01475,20251223,2025-12-23,CL001,PR013,COM008,VIL001,5,2420.0,20419.0,15188.0,5231.0,20419.0,0.0,Virement
V01250,20251223,2025-12-23,CL020,PR006,COM001,VIL008,12,720.0,5940.0,3878.0,2062.0,2970.0,2970.0,Crédit
V01381,20251224,2025-12-24,CL001,PR015,COM002,VIL001,5,960.0,8100.0,5738.0,2362.0,5265.0,2835.0,Crédit
V00594,20251224,2025-12-24,CL004,PR009,COM008,VIL001,2,2100.0,7088.0,5062.0,2026.0,4607.0,2481.0,Crédit
V00914,20251224,2025-12-24,CL013,PR009,COM008,VIL005,4,2210.0,8840.0,6120.0,2720.0,3094.0,5746.0,Crédit
V00894,20251224,2025-12-24,CL005,PR004,COM007,VIL002,5,7710.0,53006.0,38431.0,14575.0,53006.0,0.0,Espèces
V00851,20251224,2025-12-24,CL011,PR012,COM002,VIL004,4,2800.0,12600.0,8775.0,3825.0,12600.0,0.0,Virement
V01198,20251225,2025-12-25,CL009,PR002,COM007,VIL003,15,14620.0,260419.0,207694.0,52725.0,260419.0,0.0,Espèces
V00141,20251225,2025-12-25,CL015,PR008,COM007,VIL006,3,900.0,2632.0,1814.0,818.0,2632.0,0.0,Espèces
V01203,20251226,2025-12-26,CL005,PR006,COM003,VIL002,2,750.0,2062.0,1320.0,742.0,2062.0,0.0,Espèces
V01228,20251226,2025-12-26,CL001,PR010,COM001,VIL001,2,3370.0,11374.0,7796.0,3578.0,5687.0,5687.0,Crédit
V01393,20251226,2025-12-26,CL008,PR001,COM002,VIL003,5,17340.0,102956.0,82888.0,20068.0,102956.0,0.0,Mobile Money
V01457,20251226,2025-12-26,CL002,PR009,COM002,VIL001,2,2180.0,7358.0,4995.0,2363.0,4783.0,2575.0,Crédit
V01246,20251226,2025-12-26,CL009,PR005,COM001,VIL003,3,1770.0,6306.0,4667.0,1639.0,4099.0,2207.0,Crédit
V00555,20251226,2025-12-26,CL015,PR007,COM001,VIL006,3,1820.0,5324.0,3510.0,1814.0,5324.0,0.0,Virement
V00772,20251227,2025-12-27,CL007,PR005,COM004,VIL002,30,1720.0,70950.0,53213.0,17737.0,56760.0,14190.0,Crédit
V00347,20251228,2025-12-28,CL009,PR010,COM007,VIL003,12,3210.0,45742.0,33345.0,12397.0,45742.0,0.0,Mobile Money
V01088,20251228,2025-12-28,CL007,PR014,COM008,VIL002,6,1510.0,12458.0,8168.0,4290.0,12458.0,0.0,Mobile Money
V01082,20251228,2025-12-28,CL010,PR005,COM007,VIL004,3,1730.0,5839.0,4118.0,1721.0,5839.0,0.0,Mobile Money
V00265,20251228,2025-12-28,CL012,PR008,COM004,VIL004,4,880.0,3960.0,2745.0,1215.0,3960.0,0.0,Virement
V00145,20251229,2025-12-29,CL003,PR012,COM001,VIL001,12,2860.0,57915.0,39690.0,18225.0,57915.0,0.0,Mobile Money
V00356,20251229,2025-12-29,CL018,PR007,COM006,VIL007,4,1740.0,6525.0,4650.0,1875.0,5220.0,1305.0,Crédit
V00161,20251230,2025-12-30,CL013,PR002,COM007,VIL005,40,15630.0,625200.0,474000.0,151200.0,625200.0,0.0,Mobile Money
V01422,20251230,2025-12-30,CL016,PR015,COM007,VIL006,2,1000.0,1950.0,1306.0,644.0,1950.0,0.0,Mobile Money
V00810,20251230,2025-12-30,CL011,PR010,COM004,VIL004,12,3150.0,42525.0,32130.0,10395.0,27641.0,14884.0,Crédit
V00511,20251230,2025-12-30,CL010,PR015,COM007,VIL004,25,1000.0,28125.0,18844.0,9281.0,14062.0,14063.0,Crédit
V01117,20251230,2025-12-30,CL020,PR001,COM007,VIL008,6,17720.0,73095.0,57668.0,15427.0,73095.0,0.0,Mobile Money
V00691,20251230,2025-12-30,CL008,PR007,COM006,VIL003,1,1750.0,2078.0,1496.0,582.0,1351.0,727.0,Crédit
V01056,20251230,2025-12-30,CL003,PR006,COM005,VIL001,15,740.0,18731.0,12150.0,6581.0,18731.0,0.0,Virement
V01169,20251231,2025-12-31,CL002,PR008,COM007,VIL001,6,880.0,8910.0,6176.0,2734.0,8464.0,446.0,Espèces
V00401,20251231,2025-12-31,CL011,PR013,COM003,VIL004,1,2520.0,2835.0,1924.0,911.0,1418.0,1417.0,Crédit
V01336,20251231,2025-12-31,CL011,PR007,COM007,VIL004,1,1750.0,1969.0,1418.0,551.0,1969.0,0.0,Virement
V00820,20251231,2025-12-31,CL016,PR014,COM002,VIL006,15,1530.0,22376.0,14625.0,7751.0,11188.0,11188.0,Crédit
V01346,20251231,2025-12-31,CL010,PR008,COM002,VIL004,25,870.0,24469.0,17438.0,7031.0,24469.0,0.0,Crédit
